[2026-04-13T23:26:36.611] [DEBUG] debug-file - env: nodejsVersion=v18.20.1
[2026-04-13T23:26:36.906] [DEBUG] debug-file - Hvigor init with startParameters:{
  hvigorfileTypeCheck: false,
  parallelExecution: true,
  incrementalExecution: true,
  printStackTrace: false,
  daemon: false,
  analyze: 0,
  logLevel: Level { level: 20000, levelStr: 'INFO', colour: 'green' },
  optimizationStrategy: 'memory',
  hotCompile: undefined,
  hotReloadBuild: undefined,
  customizedParam: undefined
}
[2026-04-13T23:26:38.060] [DEBUG] debug-file - hvigorfile, require result:  { default: { system: [Function: appTasks], plugins: [] } }
[2026-04-13T23:26:38.061] [DEBUG] debug-file - Starting plugin build process
[2026-04-13T23:26:38.180] [DEBUG] debug-file - App plugin register hook start...
[2026-04-13T23:26:38.181] [DEBUG] debug-file - Start initialize project's product build option map with build mode debug.
[2026-04-13T23:26:38.184] [DEBUG] debug-file - Obtain build option for product 'default'in this build.
[2026-04-13T23:26:38.194] [DEBUG] debug-file - Start recording SDK configuration permission data.
[2026-04-13T23:26:38.223] [DEBUG] debug-file - Project task initialization takes 5 ms 
[2026-04-13T23:26:38.241] [DEBUG] debug-file - Start initialize module-target build option map, moduleName=entry, buildMode=debug
[2026-04-13T23:26:38.229] [DEBUG] debug-file - failed to load cangjie to dynamically generate schemas: Error: Cannot find module '@ohos/cangjie-build-support/index'
Require stack:
- D:\DevEco Studio\tools\hvigor\hvigor-ohos-plugin\src\plugin\hooks\cangjie-register.js
- D:\DevEco Studio\tools\hvigor\hvigor-ohos-plugin\src\plugin\strategy\stage-init-strategy.js
- D:\DevEco Studio\tools\hvigor\hvigor-ohos-plugin\src\plugin\builder\abstract-plugin-builder.js
- D:\DevEco Studio\tools\hvigor\hvigor-ohos-plugin\src\plugin\builder\app-plugin-builder.js
- D:\DevEco Studio\tools\hvigor\hvigor-ohos-plugin\src\plugin\factory\plugin-factory.js
- D:\DevEco Studio\tools\hvigor\hvigor-ohos-plugin\index.js
- C:\Users\ming\Desktop\PlayShortVideosBasedOnVideoComponent-master\hvigorfile.ts
- D:\DevEco Studio\tools\hvigor\hvigor\src\base\internal\lifecycle\configuration.js
- D:\DevEco Studio\tools\hvigor\hvigor\src\base\boot\index.js
- D:\DevEco Studio\tools\hvigor\hvigor\src\cli\main\cli.js
- D:\DevEco Studio\tools\hvigor\hvigor\bin\hvigor.js
[2026-04-13T23:26:38.247] [DEBUG] debug-file - project has submodules:entry
[2026-04-13T23:26:38.254] [DEBUG] debug-file - Start to initialize dependency information.
[2026-04-13T23:26:38.248] [DEBUG] debug-file - start to load updatedOhPackageInfo to the disk
[2026-04-13T23:26:36.612] [DEBUG] debug-file - env: hvigor-config.json5 content = {
  modelVersion: '6.0.2',
  dependencies: {},
  execution: {},
  logging: {},
  debugging: {},
  nodeOptions: {}
}
[2026-04-13T23:26:38.260] [DEBUG] debug-file - entry : clean cost memory 0.1128997802734375
[2026-04-13T23:26:38.279] [DEBUG] debug-file - Create  resident worker with id: 0.
[2026-04-13T23:26:36.906] [DEBUG] debug-file - Since current hvigor version 6.22.4 differs from last hvigor version 
      undefined, delete file-cache.json and task-cache.json.
[2026-04-13T23:26:38.060] [DEBUG] debug-file - hvigorfile, binding system plugins [Function: appTasks]
[2026-04-13T23:26:38.061] [DEBUG] debug-file - App plugin prepare start...
[2026-04-13T23:26:38.180] [DEBUG] debug-file - App plugin register hook end...
[2026-04-13T23:26:38.181] [DEBUG] debug-file - Picking option from product 'default' with build mode 'debug'.
[2026-04-13T23:26:38.185] [DEBUG] debug-file - not found resModel json file in : C:\Users\ming\Desktop\PlayShortVideosBasedOnVideoComponent-master\entry\src\ohosTest\module.json5
[2026-04-13T23:26:38.217] [DEBUG] debug-file - Sdk init in 28 ms 
[2026-04-13T23:26:38.223] [DEBUG] debug-file - hvigorfile, binding custom plugins []
[2026-04-13T23:26:38.241] [DEBUG] debug-file - Target 'default' config initialized
[2026-04-13T23:26:38.255] [DEBUG] debug-file - Module entry Collected Dependency: 
[2026-04-13T23:26:38.251] [DEBUG] debug-file - load to the disk finished
[2026-04-13T23:26:36.614] [DEBUG] debug-file - env: daemon=false
[2026-04-13T23:26:38.260] [DEBUG] debug-file - runTaskFromQueue task cost before running: 1 s 360 ms 
[2026-04-13T23:26:38.281] [DEBUG] debug-file - Create  resident worker with id: 1.
[2026-04-13T23:26:36.907] [DEBUG] debug-file - Cache service initialization finished in 1 ms 
[2026-04-13T23:26:38.061] [DEBUG] debug-file - App plugin prepare end...
[2026-04-13T23:26:38.180] [DEBUG] debug-file - Plugin build process completed
[2026-04-13T23:26:38.182] [DEBUG] debug-file - Product 'default' build option initialized
[2026-04-13T23:26:38.189] [DEBUG] debug-file - No signingConfig found, initRemoteHspCache failed.
[2026-04-13T23:26:38.223] [DEBUG] debug-file - hvigorfile, no custom plugins were found in C:\Users\ming\Desktop\PlayShortVideosBasedOnVideoComponent-master\hvigorfile.ts
[2026-04-13T23:26:38.241] [DEBUG] debug-file - Target 'ohosTest' config initialized
[2026-04-13T23:26:38.255] [DEBUG] debug-file - Module entry's total dependency: 0
[2026-04-13T23:26:38.252] [DEBUG] debug-file - Start to initialize dependency information.
[2026-04-13T23:26:36.614] [DEBUG] debug-file - no-daemon, use the parent process.execArgv --max-old-space-size=8192,--max-semi-space-size=16,--expose-gc
[2026-04-13T23:26:38.261] [INFO] debug-file - Finished :entry:clean... after 2 ms 
[2026-04-13T23:26:38.282] [DEBUG] debug-file - Current worker pool is stopped or closed.
[2026-04-13T23:26:36.908] [DEBUG] debug-file - hvigorfile, resolving C:\Users\ming\Desktop\PlayShortVideosBasedOnVideoComponent-master\hvigorfile.ts
[2026-04-13T23:26:38.061] [DEBUG] debug-file - App plugin creating...
[2026-04-13T23:26:38.182] [DEBUG] debug-file - End initialize project's product build option map with build mode 'debug'.
[2026-04-13T23:26:38.190] [DEBUG] debug-file - Local scan or download HarmonyOS sdk components toolchains,ets,js,native,previewer
[2026-04-13T23:26:38.223] [DEBUG] debug-file - hvigorfile, resolve finished C:\Users\ming\Desktop\PlayShortVideosBasedOnVideoComponent-master\hvigorfile.ts
[2026-04-13T23:26:38.241] [DEBUG] debug-file - Module 'entry' target 'default' build option initialized
[2026-04-13T23:26:38.257] [DEBUG] debug-file - Configuration phase cost:1 s 351 ms 
[2026-04-13T23:26:38.253] [DEBUG] debug-file - Module PlayShortVideosBasedOnVideoComponent-master Collected Dependency: 
[2026-04-13T23:26:38.261] [DEBUG] debug-file - Executing task ::clean
[2026-04-13T23:26:38.282] [DEBUG] debug-file - Clear worker 0.
[2026-04-13T23:26:38.192] [DEBUG] debug-file - Local scan or download hmscore sdk components toolchains,ets,native
[2026-04-13T23:26:38.224] [DEBUG] debug-file - hvigorfile, resolving C:\Users\ming\Desktop\PlayShortVideosBasedOnVideoComponent-master\entry\hvigorfile.ts
[2026-04-13T23:26:38.241] [DEBUG] debug-file - Module 'entry' target 'ohosTest' build option initialized
[2026-04-13T23:26:38.259] [DEBUG] debug-file - Configuration task cost before running: 1 s 359 ms 
[2026-04-13T23:26:38.253] [DEBUG] debug-file - Module PlayShortVideosBasedOnVideoComponent-master's total dependency: 0
[2026-04-13T23:26:38.261] [DEBUG] debug-file - clean: Worker pool is inactive.
[2026-04-13T23:26:38.282] [DEBUG] debug-file - Worker 0 has been cleared.
[2026-04-13T23:26:38.228] [DEBUG] debug-file - hvigorfile, require result:  { default: { system: [Function: hapTasks], plugins: [] } }
[2026-04-13T23:26:38.241] [DEBUG] debug-file - End initialize module-target build option map, moduleName=entry
[2026-04-13T23:26:38.259] [DEBUG] debug-file - Executing task :entry:clean
[2026-04-13T23:26:38.261] [DEBUG] debug-file - PlayShortVideosBasedOnVideoComponent-master : clean cost memory 0.0204010009765625
[2026-04-13T23:26:38.282] [DEBUG] debug-file - Current idle worker size: 1.
[2026-04-13T23:26:38.228] [DEBUG] debug-file - hvigorfile, binding system plugins [Function: hapTasks]
[2026-04-13T23:26:38.241] [DEBUG] debug-file - Start initialize module-target build option map, moduleName=entry, buildMode=release
[2026-04-13T23:26:38.259] [DEBUG] debug-file - clean: Worker pool is inactive.
[2026-04-13T23:26:38.282] [DEBUG] debug-file - Current busy worker size: 0.
[2026-04-13T23:26:38.261] [DEBUG] debug-file - runTaskFromQueue task cost before running: 1 s 361 ms 
[2026-04-13T23:26:38.228] [DEBUG] debug-file - Starting plugin build process
[2026-04-13T23:26:38.241] [DEBUG] debug-file - Target 'default' config initialized
[2026-04-13T23:26:38.282] [DEBUG] debug-file - Clear worker 1.
[2026-04-13T23:26:38.261] [INFO] debug-file - Finished ::clean... after 1 ms 
[2026-04-13T23:26:38.228] [DEBUG] debug-file - Hap plugin creating...
[2026-04-13T23:26:38.242] [DEBUG] debug-file - Target 'ohosTest' config initialized
[2026-04-13T23:26:38.282] [DEBUG] debug-file - Worker 1 has been cleared.
[2026-04-13T23:26:38.261] [DEBUG] debug-file - Executing task :entry:init
[2026-04-13T23:26:38.242] [DEBUG] debug-file - Module 'entry' target 'default' build option initialized
[2026-04-13T23:26:38.282] [DEBUG] debug-file - Current idle worker size: 0.
[2026-04-13T23:26:38.262] [DEBUG] debug-file - entry : init cost memory 0.01263427734375
[2026-04-13T23:26:38.242] [DEBUG] debug-file - Module 'entry' target 'ohosTest' build option initialized
[2026-04-13T23:26:38.282] [DEBUG] debug-file - Current busy worker size: 0.
[2026-04-13T23:26:38.262] [DEBUG] debug-file - runTaskFromQueue task cost before running: 1 s 362 ms 
[2026-04-13T23:26:38.242] [DEBUG] debug-file - End initialize module-target build option map, moduleName=entry
[2026-04-13T23:26:38.283] [DEBUG] debug-file - hvigor build process will be closed.
[2026-04-13T23:26:38.262] [INFO] debug-file - Finished :entry:init... after 1 ms 
[2026-04-13T23:26:38.242] [DEBUG] debug-file - Start initialize module-target build option map, moduleName=entry, buildMode=debug
[2026-04-13T23:26:38.286] [DEBUG] debug-file - worker[0] exits with exit code 0.
[2026-04-13T23:26:38.262] [DEBUG] debug-file - Executing task ::init
[2026-04-13T23:26:38.242] [DEBUG] debug-file - Target 'default' config initialized
[2026-04-13T23:26:38.287] [DEBUG] debug-file - worker[1] exits with exit code 0.
[2026-04-13T23:26:38.262] [DEBUG] debug-file - PlayShortVideosBasedOnVideoComponent-master : init cost memory 0.01141357421875
[2026-04-13T23:26:38.242] [DEBUG] debug-file - Target 'ohosTest' config initialized
[2026-04-13T23:26:38.287] [DEBUG] debug-file - Current worker pool is terminated.
[2026-04-13T23:26:38.262] [DEBUG] debug-file - runTaskFromQueue task cost before running: 1 s 362 ms 
[2026-04-13T23:26:38.242] [DEBUG] debug-file - Module 'entry' target 'default' build option initialized
[2026-04-13T23:26:38.262] [INFO] debug-file - Finished ::init... after 1 ms 
[2026-04-13T23:26:38.242] [DEBUG] debug-file - Module 'entry' target 'ohosTest' build option initialized
[2026-04-13T23:26:38.270] [DEBUG] debug-file - Obtain build option for module 'entry' target 'default'in this build.
[2026-04-13T23:26:38.242] [DEBUG] debug-file - End initialize module-target build option map, moduleName=entry
[2026-04-13T23:26:38.270] [DEBUG] debug-file - Obtain build option for module 'entry' target 'ohosTest'in this build.
[2026-04-13T23:26:38.242] [DEBUG] debug-file - Obtain build option for module 'entry' target 'default'in this build.
[2026-04-13T23:26:38.278] [DEBUG] debug-file - Since there is no instance or instance is terminated, create a new worker pool.
[2026-04-13T23:26:38.246] [DEBUG] debug-file - Module entry task initialization takes 3 ms 
[2026-04-13T23:26:38.278] [DEBUG] debug-file - Worker pool is initialized with config:  {
  minPoolNum: 2,
  maxPoolNum: undefined,
  maxCoreSize: undefined,
  cacheCapacity: undefined,
  cacheTtl: undefined
}
[2026-04-13T23:26:38.246] [DEBUG] debug-file - Hap plugin register hook start...
[2026-04-13T23:26:38.246] [DEBUG] debug-file - Hap plugin register hook end...
[2026-04-13T23:26:38.246] [DEBUG] debug-file - Plugin build process completed
[2026-04-13T23:26:38.246] [DEBUG] debug-file - hvigorfile, binding custom plugins []
[2026-04-13T23:26:38.246] [DEBUG] debug-file - hvigorfile, no custom plugins were found in C:\Users\ming\Desktop\PlayShortVideosBasedOnVideoComponent-master\entry\hvigorfile.ts
[2026-04-13T23:26:38.246] [DEBUG] debug-file - hvigorfile, resolve finished C:\Users\ming\Desktop\PlayShortVideosBasedOnVideoComponent-master\entry\hvigorfile.ts
[2026-04-13T23:26:42.671] [DEBUG] debug-file - env: daemon=true
[2026-04-13T23:26:42.588] [DEBUG] debug-file - env: nodejsVersion=v18.20.1
[2026-04-13T23:26:42.589] [DEBUG] debug-file - env: hvigor-config.json5 content = {
  modelVersion: '6.0.2',
  dependencies: {},
  execution: {},
  logging: {},
  debugging: {},
  nodeOptions: {}
}
[2026-04-13T23:26:43.333] [DEBUG] debug-file - session manager: set active socket. socketId=CK5oaI3NoamwpqxLAAAB
[2026-04-13T23:26:43.341] [DEBUG] debug-file - java daemon tryConnect success
[2026-04-13T23:26:43.876] [DEBUG] debug-file - watch worker: worker id should be larger than 0. Nothing will be sent to any worker thread.
[2026-04-13T23:26:43.880] [DEBUG] debug-file - Since there is no instance or instance is terminated, create a new worker pool.
[2026-04-13T23:26:43.880] [DEBUG] debug-file - Worker pool is initialized with config:  {
  minPoolNum: 2,
  maxPoolNum: undefined,
  maxCoreSize: undefined,
  cacheCapacity: undefined,
  cacheTtl: undefined
}
[2026-04-13T23:26:43.881] [DEBUG] debug-file - Create  resident worker with id: 0.
[2026-04-13T23:26:43.883] [DEBUG] debug-file - Create  resident worker with id: 1.
[2026-04-13T23:26:43.885] [DEBUG] debug-file - Workers' log level updated to INFO
[2026-04-13T23:26:43.890] [DEBUG] debug-file - Hvigor init with startParameters:{
  hvigorfileTypeCheck: false,
  parallelExecution: true,
  incrementalExecution: true,
  printStackTrace: false,
  daemon: true,
  analyze: 0,
  logLevel: Level { level: 20000, levelStr: 'INFO', colour: 'green' },
  optimizationStrategy: 'memory',
  hotCompile: undefined,
  hotReloadBuild: undefined,
  customizedParam: undefined
}
[2026-04-13T23:26:43.891] [DEBUG] debug-file - Cache service initialization finished in 1 ms 
[2026-04-13T23:26:43.893] [DEBUG] debug-file - hvigorfile, resolving C:\Users\ming\Desktop\PlayShortVideosBasedOnVideoComponent-master\hvigorfile.ts
[2026-04-13T23:26:45.009] [DEBUG] debug-file - hvigorfile, require result:  { default: { plugins: [] } }
[2026-04-13T23:26:45.009] [DEBUG] debug-file - hvigorfile, binding system plugins null
[2026-04-13T23:26:45.010] [DEBUG] debug-file - Starting plugin build process
[2026-04-13T23:26:45.010] [DEBUG] debug-file - App plugin prepare start...
[2026-04-13T23:26:45.010] [DEBUG] debug-file - App plugin prepare end...
[2026-04-13T23:26:45.010] [DEBUG] debug-file - App plugin creating...
[2026-04-13T23:26:45.132] [DEBUG] debug-file - App plugin register hook start...
[2026-04-13T23:26:45.133] [DEBUG] debug-file - App plugin register hook end...
[2026-04-13T23:26:45.133] [DEBUG] debug-file - Plugin build process completed
[2026-04-13T23:26:45.134] [DEBUG] debug-file - Start initialize project's product build option map with build mode debug.
[2026-04-13T23:26:45.134] [DEBUG] debug-file - Picking option from product 'default' with build mode 'debug'.
[2026-04-13T23:26:45.134] [DEBUG] debug-file - Product 'default' build option initialized
[2026-04-13T23:26:45.134] [DEBUG] debug-file - End initialize project's product build option map with build mode 'debug'.
[2026-04-13T23:26:45.135] [DEBUG] debug-file - Obtain build option for product 'default'in this build.
[2026-04-13T23:26:45.136] [DEBUG] debug-file - not found resModel json file in : C:\Users\ming\Desktop\PlayShortVideosBasedOnVideoComponent-master\entry\src\ohosTest\module.json5
[2026-04-13T23:26:45.141] [DEBUG] debug-file - No signingConfig found, initRemoteHspCache failed.
[2026-04-13T23:26:45.142] [DEBUG] debug-file - Local scan or download HarmonyOS sdk components toolchains,ets,js,native,previewer
[2026-04-13T23:26:45.144] [DEBUG] debug-file - Local scan or download hmscore sdk components toolchains,ets,native
[2026-04-13T23:26:45.145] [DEBUG] debug-file - Start recording SDK configuration permission data.
[2026-04-13T23:26:45.169] [DEBUG] debug-file - Sdk init in 29 ms 
[2026-04-13T23:26:45.173] [DEBUG] debug-file - Project task initialization takes 4 ms 
[2026-04-13T23:26:45.174] [DEBUG] debug-file - hvigorfile, binding custom plugins []
[2026-04-13T23:26:45.174] [DEBUG] debug-file - hvigorfile, no custom plugins were found in C:\Users\ming\Desktop\PlayShortVideosBasedOnVideoComponent-master\hvigorfile.ts
[2026-04-13T23:26:45.174] [DEBUG] debug-file - hvigorfile, resolve finished C:\Users\ming\Desktop\PlayShortVideosBasedOnVideoComponent-master\hvigorfile.ts
[2026-04-13T23:26:45.174] [DEBUG] debug-file - hvigorfile, resolving C:\Users\ming\Desktop\PlayShortVideosBasedOnVideoComponent-master\entry\hvigorfile.ts
[2026-04-13T23:26:45.178] [DEBUG] debug-file - hvigorfile, require result:  { default: { plugins: [] } }
[2026-04-13T23:26:45.178] [DEBUG] debug-file - hvigorfile, binding system plugins null
[2026-04-13T23:26:45.178] [DEBUG] debug-file - Starting plugin build process
[2026-04-13T23:26:45.178] [DEBUG] debug-file - Hap plugin creating...
[2026-04-13T23:26:45.179] [DEBUG] debug-file - failed to load cangjie to dynamically generate schemas: Error: Cannot find module '@ohos/cangjie-build-support/index'
Require stack:
- D:\DevEco Studio\tools\hvigor\hvigor-ohos-plugin\src\plugin\hooks\cangjie-register.js
- D:\DevEco Studio\tools\hvigor\hvigor-ohos-plugin\src\plugin\strategy\stage-init-strategy.js
- D:\DevEco Studio\tools\hvigor\hvigor-ohos-plugin\src\plugin\builder\abstract-plugin-builder.js
- D:\DevEco Studio\tools\hvigor\hvigor-ohos-plugin\src\plugin\builder\app-plugin-builder.js
- D:\DevEco Studio\tools\hvigor\hvigor-ohos-plugin\src\plugin\factory\plugin-factory.js
- D:\DevEco Studio\tools\hvigor\hvigor-ohos-plugin\index.js
- C:\Users\ming\Desktop\PlayShortVideosBasedOnVideoComponent-master\hvigorfile.ts
- D:\DevEco Studio\tools\hvigor\hvigor\src\base\internal\lifecycle\configuration.js
- D:\DevEco Studio\tools\hvigor\hvigor\src\base\boot\index.js
- D:\DevEco Studio\tools\hvigor\hvigor\src\base\daemon\cluster\worker-process-lifecycle.js
- D:\DevEco Studio\tools\hvigor\hvigor\src\base\daemon\process\daemon-process-boot-script.js
[2026-04-13T23:26:45.189] [DEBUG] debug-file - Start initialize module-target build option map, moduleName=entry, buildMode=debug
[2026-04-13T23:26:45.190] [DEBUG] debug-file - Target 'default' config initialized
[2026-04-13T23:26:45.190] [DEBUG] debug-file - Target 'ohosTest' config initialized
[2026-04-13T23:26:45.190] [DEBUG] debug-file - Module 'entry' target 'default' build option initialized
[2026-04-13T23:26:45.190] [DEBUG] debug-file - Module 'entry' target 'ohosTest' build option initialized
[2026-04-13T23:26:45.190] [DEBUG] debug-file - End initialize module-target build option map, moduleName=entry
[2026-04-13T23:26:45.190] [DEBUG] debug-file - Start initialize module-target build option map, moduleName=entry, buildMode=release
[2026-04-13T23:26:45.190] [DEBUG] debug-file - Target 'default' config initialized
[2026-04-13T23:26:45.191] [DEBUG] debug-file - Target 'ohosTest' config initialized
[2026-04-13T23:26:45.191] [DEBUG] debug-file - Module 'entry' target 'default' build option initialized
[2026-04-13T23:26:45.191] [DEBUG] debug-file - Module 'entry' target 'ohosTest' build option initialized
[2026-04-13T23:26:45.191] [DEBUG] debug-file - End initialize module-target build option map, moduleName=entry
[2026-04-13T23:26:45.191] [DEBUG] debug-file - Start initialize module-target build option map, moduleName=entry, buildMode=debug
[2026-04-13T23:26:45.191] [DEBUG] debug-file - Target 'default' config initialized
[2026-04-13T23:26:45.191] [DEBUG] debug-file - Target 'ohosTest' config initialized
[2026-04-13T23:26:45.191] [DEBUG] debug-file - Module 'entry' target 'default' build option initialized
[2026-04-13T23:26:45.191] [DEBUG] debug-file - Module 'entry' target 'ohosTest' build option initialized
[2026-04-13T23:26:45.191] [DEBUG] debug-file - End initialize module-target build option map, moduleName=entry
[2026-04-13T23:26:45.192] [DEBUG] debug-file - Obtain build option for module 'entry' target 'default'in this build.
[2026-04-13T23:26:45.195] [DEBUG] debug-file - Module entry task initialization takes 3 ms 
[2026-04-13T23:26:45.195] [DEBUG] debug-file - Hap plugin register hook start...
[2026-04-13T23:26:45.195] [DEBUG] debug-file - Hap plugin register hook end...
[2026-04-13T23:26:45.195] [DEBUG] debug-file - Plugin build process completed
[2026-04-13T23:26:45.195] [DEBUG] debug-file - hvigorfile, binding custom plugins []
[2026-04-13T23:26:45.195] [DEBUG] debug-file - hvigorfile, no custom plugins were found in C:\Users\ming\Desktop\PlayShortVideosBasedOnVideoComponent-master\entry\hvigorfile.ts
[2026-04-13T23:26:45.195] [DEBUG] debug-file - hvigorfile, resolve finished C:\Users\ming\Desktop\PlayShortVideosBasedOnVideoComponent-master\entry\hvigorfile.ts
[2026-04-13T23:26:45.211] [DEBUG] debug-file - hvigorfile, resolve hvigorfile dependencies in 16 ms 
[2026-04-13T23:26:45.211] [DEBUG] debug-file - project has submodules:entry
[2026-04-13T23:26:45.212] [DEBUG] debug-file - start to load updatedOhPackageInfo to the disk
[2026-04-13T23:26:45.217] [DEBUG] debug-file - load to the disk finished
[2026-04-13T23:26:45.218] [DEBUG] debug-file - Start to initialize dependency information.
[2026-04-13T23:26:45.219] [DEBUG] debug-file - Module PlayShortVideosBasedOnVideoComponent-master Collected Dependency: 
[2026-04-13T23:26:45.219] [DEBUG] debug-file - Module PlayShortVideosBasedOnVideoComponent-master's total dependency: 0
[2026-04-13T23:26:45.220] [DEBUG] debug-file - Start to initialize dependency information.
[2026-04-13T23:26:45.221] [DEBUG] debug-file - Module entry Collected Dependency: 
[2026-04-13T23:26:45.222] [DEBUG] debug-file - Module entry's total dependency: 0
[2026-04-13T23:26:45.224] [DEBUG] debug-file - Configuration phase cost:1 s 333 ms 
[2026-04-13T23:26:45.226] [DEBUG] debug-file - Configuration task cost before running: 1 s 341 ms 
[2026-04-13T23:26:45.230] [DEBUG] debug-file - Executing task :entry:default@PreBuild
[2026-04-13T23:26:45.231] [DEBUG] debug-file - Task 'entry:default@PreBuild' cost while wrapping incremental declarations: 1 ms 
[2026-04-13T23:26:45.318] [DEBUG] debug-file - current product is not Atomic service.
[2026-04-13T23:26:45.318] [DEBUG] debug-file - Use tool [win32: JAVA_HOME, CLASSPATH]
 [ { JAVA_HOME: 'D:\\DevEco Studio\\jbr' }, { CLASSPATH: undefined } ]
[2026-04-13T23:26:45.319] [DEBUG] debug-file - Use tool [win32: NODE_HOME]
 [ { NODE_HOME: 'D:\\DevEco Studio\\tools\\node' } ]
[2026-04-13T23:26:45.319] [DEBUG] debug-file - entry : default@PreBuild cost memory 17.084823608398438
[2026-04-13T23:26:45.319] [DEBUG] debug-file - runTaskFromQueue task cost before running: 1 s 434 ms 
[2026-04-13T23:26:45.321] [INFO] debug-file - Finished :entry:default@PreBuild... after 90 ms 
[2026-04-13T23:26:45.322] [DEBUG] debug-file - Executing task :entry:default@CreateModuleInfo
[2026-04-13T23:26:45.322] [DEBUG] debug-file - Task 'entry:default@CreateModuleInfo' cost while wrapping incremental declarations: 1 ms 
[2026-04-13T23:26:45.322] [DEBUG] debug-file - entry : default@CreateModuleInfo cost memory 0.0430755615234375
[2026-04-13T23:26:45.322] [DEBUG] debug-file - runTaskFromQueue task cost before running: 1 s 438 ms 
[2026-04-13T23:26:45.323] [INFO] debug-file - Finished :entry:default@CreateModuleInfo... after 1 ms 
[2026-04-13T23:26:45.323] [DEBUG] debug-file - Executing task :entry:default@GenerateMetadata
[2026-04-13T23:26:45.324] [DEBUG] debug-file - Task 'entry:default@GenerateMetadata' cost while wrapping incremental declarations: 1 ms 
[2026-04-13T23:26:45.329] [DEBUG] debug-file - entry : default@GenerateMetadata cost memory -10.72088623046875
[2026-04-13T23:26:45.329] [DEBUG] debug-file - runTaskFromQueue task cost before running: 1 s 444 ms 
[2026-04-13T23:26:45.329] [INFO] debug-file - Finished :entry:default@GenerateMetadata... after 6 ms 
[2026-04-13T23:26:45.330] [DEBUG] debug-file - Executing task :entry:default@ConfigureCmake
[2026-04-13T23:26:45.330] [DEBUG] debug-file - entry : default@ConfigureCmake cost memory 0.0144805908203125
[2026-04-13T23:26:45.330] [DEBUG] debug-file - runTaskFromQueue task cost before running: 1 s 445 ms 
[2026-04-13T23:26:45.330] [INFO] debug-file - Finished :entry:default@ConfigureCmake... after 1 ms 
[2026-04-13T23:26:45.331] [DEBUG] debug-file - Executing task :entry:default@MergeProfile
[2026-04-13T23:26:45.331] [DEBUG] debug-file - Task 'entry:default@MergeProfile' cost while wrapping incremental declarations: 1 ms 
[2026-04-13T23:26:45.332] [DEBUG] debug-file - Change app api release type with 'Release'
[2026-04-13T23:26:45.332] [DEBUG] debug-file - Change app compile API version with '6.0.2.130'
[2026-04-13T23:26:45.332] [DEBUG] debug-file - Change app target API version with '60002022'
[2026-04-13T23:26:45.332] [DEBUG] debug-file - Change app minimum API version with '60002022'
[2026-04-13T23:26:45.332] [DEBUG] debug-file - Use cli appEnvironment
[2026-04-13T23:26:45.334] [DEBUG] debug-file - entry : default@MergeProfile cost memory 0.36168670654296875
[2026-04-13T23:26:45.334] [DEBUG] debug-file - runTaskFromQueue task cost before running: 1 s 449 ms 
[2026-04-13T23:26:45.334] [INFO] debug-file - Finished :entry:default@MergeProfile... after 4 ms 
[2026-04-13T23:26:45.335] [DEBUG] debug-file - Executing task :entry:default@CreateBuildProfile
[2026-04-13T23:26:45.336] [DEBUG] debug-file - Task 'entry:default@CreateBuildProfile' cost while wrapping incremental declarations: 1 ms 
[2026-04-13T23:26:45.338] [DEBUG] debug-file - entry : default@CreateBuildProfile cost memory 0.069610595703125
[2026-04-13T23:26:45.338] [DEBUG] debug-file - runTaskFromQueue task cost before running: 1 s 454 ms 
[2026-04-13T23:26:45.338] [INFO] debug-file - Finished :entry:default@CreateBuildProfile... after 3 ms 
[2026-04-13T23:26:45.339] [DEBUG] debug-file - Executing task :entry:default@PreCheckSyscap
[2026-04-13T23:26:45.339] [DEBUG] debug-file - entry : default@PreCheckSyscap cost memory 0.01471710205078125
[2026-04-13T23:26:45.340] [DEBUG] debug-file - runTaskFromQueue task cost before running: 1 s 455 ms 
[2026-04-13T23:26:45.340] [INFO] debug-file - Finished :entry:default@PreCheckSyscap... after 1 ms 
[2026-04-13T23:26:45.341] [DEBUG] debug-file - Executing task :entry:default@GeneratePkgContextInfo
[2026-04-13T23:26:45.344] [DEBUG] debug-file - Task 'entry:default@GeneratePkgContextInfo' cost while wrapping incremental declarations: 1 ms 
[2026-04-13T23:26:45.345] [DEBUG] debug-file - entry : default@GeneratePkgContextInfo cost memory 0.42296600341796875
[2026-04-13T23:26:45.346] [DEBUG] debug-file - runTaskFromQueue task cost before running: 1 s 461 ms 
[2026-04-13T23:26:45.346] [INFO] debug-file - Finished :entry:default@GeneratePkgContextInfo... after 5 ms 
[2026-04-13T23:26:45.349] [DEBUG] debug-file - Executing task :entry:default@ProcessIntegratedHsp
[2026-04-13T23:26:45.349] [DEBUG] debug-file - entry : default@ProcessIntegratedHsp cost memory 0.03076171875
[2026-04-13T23:26:45.349] [DEBUG] debug-file - runTaskFromQueue task cost before running: 1 s 465 ms 
[2026-04-13T23:26:45.349] [INFO] debug-file - Finished :entry:default@ProcessIntegratedHsp... after 1 ms 
[2026-04-13T23:26:45.350] [DEBUG] debug-file - Executing task :entry:default@BuildNativeWithCmake
[2026-04-13T23:26:45.351] [DEBUG] debug-file - entry : default@BuildNativeWithCmake cost memory 0.014862060546875
[2026-04-13T23:26:45.351] [DEBUG] debug-file - runTaskFromQueue task cost before running: 1 s 466 ms 
[2026-04-13T23:26:45.351] [INFO] debug-file - Finished :entry:default@BuildNativeWithCmake... after 1 ms 
[2026-04-13T23:26:45.352] [DEBUG] debug-file - Executing task :entry:default@MakePackInfo
[2026-04-13T23:26:45.354] [DEBUG] debug-file - Module Pack Info:  {
  summary: {
    app: { bundleName: 'c***o', bundleType: 'app', version: [Object] },
    modules: [ [Object] ]
  },
  packages: [
    {
      deviceType: [Array],
      moduleType: 'entry',
      deliveryWithInstall: true,
      name: 'entry-default'
    }
  ]
}
[2026-04-13T23:26:45.355] [DEBUG] debug-file - entry : default@MakePackInfo cost memory 0.11956024169921875
[2026-04-13T23:26:45.355] [DEBUG] debug-file - runTaskFromQueue task cost before running: 1 s 471 ms 
[2026-04-13T23:26:45.356] [INFO] debug-file - Finished :entry:default@MakePackInfo... after 4 ms 
[2026-04-13T23:26:45.357] [DEBUG] debug-file - Executing task :entry:default@SyscapTransform
[2026-04-13T23:26:45.357] [DEBUG] debug-file - File: 'C:\Users\ming\Desktop\PlayShortVideosBasedOnVideoComponent-master\entry\src\main\syscap.json' from 'sysCapJsonPath' is not exists, just ignore.
[2026-04-13T23:26:45.358] [DEBUG] debug-file - Task 'entry:default@SyscapTransform' cost while wrapping incremental declarations: 1 ms 
[2026-04-13T23:26:45.358] [DEBUG] debug-file - entry : default@SyscapTransform cost memory 0.05413055419921875
[2026-04-13T23:26:45.358] [DEBUG] debug-file - runTaskFromQueue task cost before running: 1 s 473 ms 
[2026-04-13T23:26:45.358] [INFO] debug-file - Finished :entry:default@SyscapTransform... after 1 ms 
[2026-04-13T23:26:45.359] [DEBUG] debug-file - Executing task :entry:default@ProcessProfile
[2026-04-13T23:26:45.360] [DEBUG] debug-file - Task 'entry:default@ProcessProfile' cost while wrapping incremental declarations: 1 ms 
[2026-04-13T23:26:45.361] [DEBUG] debug-file - [
  'D:\\DevEco Studio\\tools\\node\\node.exe',
  'D:\\DevEco Studio\\sdk\\default\\openharmony\\ets\\build-tools\\ets-loader\\bin\\ark\\ts2abc.js',
  '--target-api-version',
  '22'
]
[2026-04-13T23:26:46.029] [DEBUG] debug-file - 13.0.1.0
[2026-04-13T23:26:46.031] [DEBUG] debug-file - No need to add fake ui ability because of not in preview process.
[2026-04-13T23:26:46.032] [DEBUG] debug-file - entry : default@ProcessProfile cost memory 2.3771286010742188
[2026-04-13T23:26:46.032] [DEBUG] debug-file - runTaskFromQueue task cost before running: 2 s 147 ms 
[2026-04-13T23:26:46.032] [INFO] debug-file - Finished :entry:default@ProcessProfile... after 673 ms 
[2026-04-13T23:26:46.033] [DEBUG] debug-file - Executing task :entry:default@ProcessRouterMap
[2026-04-13T23:26:46.037] [DEBUG] debug-file - entry : default@ProcessRouterMap cost memory 0.11060333251953125
[2026-04-13T23:26:46.037] [DEBUG] debug-file - runTaskFromQueue task cost before running: 2 s 152 ms 
[2026-04-13T23:26:46.037] [INFO] debug-file - Finished :entry:default@ProcessRouterMap... after 4 ms 
[2026-04-13T23:26:46.038] [DEBUG] debug-file - Executing task :entry:default@ProcessShareConfig
[2026-04-13T23:26:46.040] [DEBUG] debug-file - entry : default@ProcessShareConfig cost memory 0.08504486083984375
[2026-04-13T23:26:46.040] [DEBUG] debug-file - runTaskFromQueue task cost before running: 2 s 155 ms 
[2026-04-13T23:26:46.040] [INFO] debug-file - Finished :entry:default@ProcessShareConfig... after 3 ms 
[2026-04-13T23:26:46.041] [DEBUG] debug-file - Executing task :entry:default@ProcessStartupConfig
[2026-04-13T23:26:46.041] [DEBUG] debug-file - Task 'entry:default@ProcessStartupConfig' cost while wrapping incremental declarations: 1 ms 
[2026-04-13T23:26:46.042] [DEBUG] debug-file - entry : default@ProcessStartupConfig cost memory 0.0889739990234375
[2026-04-13T23:26:46.042] [DEBUG] debug-file - runTaskFromQueue task cost before running: 2 s 157 ms 
[2026-04-13T23:26:46.042] [INFO] debug-file - Finished :entry:default@ProcessStartupConfig... after 2 ms 
[2026-04-13T23:26:46.043] [DEBUG] debug-file - Executing task :entry:default@BuildNativeWithNinja
[2026-04-13T23:26:46.044] [DEBUG] debug-file - entry : default@BuildNativeWithNinja cost memory 0.02872467041015625
[2026-04-13T23:26:46.044] [DEBUG] debug-file - runTaskFromQueue task cost before running: 2 s 159 ms 
[2026-04-13T23:26:46.044] [INFO] debug-file - Finished :entry:default@BuildNativeWithNinja... after 1 ms 
[2026-04-13T23:26:46.045] [DEBUG] debug-file - restool module names: entry; moduleName=entry, taskName=default@ProcessResource
[2026-04-13T23:26:46.046] [DEBUG] debug-file - Executing task :entry:default@ProcessResource
[2026-04-13T23:26:46.046] [DEBUG] debug-file - Task 'entry:default@ProcessResource' cost while wrapping incremental declarations: 1 ms 
[2026-04-13T23:26:46.048] [DEBUG] debug-file - entry : default@ProcessResource cost memory 0.12612152099609375
[2026-04-13T23:26:46.049] [DEBUG] debug-file - runTaskFromQueue task cost before running: 2 s 164 ms 
[2026-04-13T23:26:46.049] [INFO] debug-file - Finished :entry:default@ProcessResource... after 3 ms 
[2026-04-13T23:26:46.050] [DEBUG] debug-file - Executing task :entry:default@GenerateLoaderJson
[2026-04-13T23:26:46.051] [DEBUG] debug-file - Task 'entry:default@GenerateLoaderJson' cost while wrapping incremental declarations: 1 ms 
[2026-04-13T23:26:46.057] [DEBUG] debug-file - entry : default@GenerateLoaderJson cost memory 0.5868988037109375
[2026-04-13T23:26:46.058] [DEBUG] debug-file - runTaskFromQueue task cost before running: 2 s 173 ms 
[2026-04-13T23:26:46.059] [INFO] debug-file - Finished :entry:default@GenerateLoaderJson... after 8 ms 
[2026-04-13T23:26:46.060] [DEBUG] debug-file - Executing task :entry:default@ProcessLibs
[2026-04-13T23:26:46.063] [DEBUG] debug-file - Worker dispatch failed, running processLibs on main thread.
[2026-04-13T23:26:46.065] [DEBUG] debug-file - entry : default@ProcessLibs cost memory 0.4055328369140625
[2026-04-13T23:26:46.065] [DEBUG] debug-file - runTaskFromQueue task cost before running: 2 s 180 ms 
[2026-04-13T23:26:46.065] [INFO] debug-file - Finished :entry:default@ProcessLibs... after 5 ms 
[2026-04-13T23:26:46.066] [DEBUG] debug-file - restool module names: entry; moduleName=entry, taskName=default@CompileResource
[2026-04-13T23:26:46.066] [DEBUG] debug-file - Executing task :entry:default@CompileResource
[2026-04-13T23:26:46.072] [DEBUG] debug-file - Use tool [D:\DevEco Studio\sdk\default\openharmony\toolchains\restool.exe]
 [
  'D:\\DevEco Studio\\sdk\\default\\openharmony\\toolchains\\restool.exe',
  '-l',
  'C:\\Users\\ming\\Desktop\\PlayShortVideosBasedOnVideoComponent-master\\entry\\build\\default\\intermediates\\res\\default\\resConfig.json'
]
[2026-04-13T23:26:46.072] [DEBUG] debug-file - current process  memoryUsage: {
  rss: 279433216,
  heapTotal: 166899712,
  heapUsed: 141062312,
  external: 14040260,
  arrayBuffers: 11139028
} os memoryUsage :14.830455780029297
[2026-04-13T23:26:46.395] [DEBUG] debug-file - Info: Pack: normal pack mode

[2026-04-13T23:26:46.448] [DEBUG] debug-file - Info: hardware concurrency count is : 32
Info: thread count is : 32

[2026-04-13T23:26:46.448] [DEBUG] debug-file - Info: thread pool is started

[2026-04-13T23:26:46.449] [DEBUG] debug-file - Info: GenericCompiler::CompileFiles

[2026-04-13T23:26:46.459] [DEBUG] debug-file - Info: GenericCompiler::CompileFiles
Warning: 'C:\Users\ming\Desktop\PlayShortVideosBasedOnVideoComponent-master\entry\src\main\resources\base\media\background.png' is defined repeatedly.

[2026-04-13T23:26:46.459] [DEBUG] debug-file - Warning: 'C:\Users\ming\Desktop\PlayShortVideosBasedOnVideoComponent-master\entry\src\main\resources\base\media\layered_image.json' is defined repeatedly.
Warning: 'C:\Users\ming\Desktop\PlayShortVideosBasedOnVideoComponent-master\entry\src\main\resources\base\media\foreground.png' is defined repeatedly.

[2026-04-13T23:26:46.466] [DEBUG] debug-file - Info: GenericCompiler::CompileFiles

[2026-04-13T23:26:46.472] [DEBUG] debug-file - 04-13 23:26:46.472 24048 26248 E C01400/ImageTranscoderUtils: DecodeToRGBA IN
04-13 23:26:46.472 24048 26248 E C01400/ImageTranscoderUtils: ImageFilter IN C:\Users\ming\Desktop\PlayShortVideosBasedOnVideoComponent-master\AppScope\resources\base\media\background.png

[2026-04-13T23:26:46.508] [DEBUG] debug-file - 04-13 23:26:46.508 24048 26248 E C01400/ImageTranscoderUtils: DecodeToRGBA IN
04-13 23:26:46.508 24048 26248 E C01400/ImageTranscoderUtils: ImageFilter IN C:\Users\ming\Desktop\PlayShortVideosBasedOnVideoComponent-master\AppScope\resources\base\media\foreground.png

[2026-04-13T23:26:46.535] [DEBUG] debug-file - Info: can't scale media json file.

[2026-04-13T23:26:46.536] [DEBUG] debug-file - Warning: The width or height of the png file referenced by the icon exceeds the limit (41 pixels)
at C:\Users\ming\Desktop\PlayShortVideosBasedOnVideoComponent-master\AppScope\resources\base\media\background.png
Warning: The width or height of the png file referenced by the icon exceeds the limit (41 pixels)
at C:\Users\ming\Desktop\PlayShortVideosBasedOnVideoComponent-master\AppScope\resources\base\media\foreground.png
Warning: C:\Users\ming\Desktop\PlayShortVideosBasedOnVideoComponent-master\AppScope\resources\base\media\layered_image.json is not png format

[2026-04-13T23:26:46.536] [DEBUG] debug-file - Info: restool resources compile success.

[2026-04-13T23:26:46.537] [DEBUG] debug-file - Info: thread pool is stopped

[2026-04-13T23:26:46.600] [DEBUG] debug-file - entry : default@CompileResource cost memory -28.157249450683594
[2026-04-13T23:26:46.600] [DEBUG] debug-file - runTaskFromQueue task cost before running: 2 s 715 ms 
[2026-04-13T23:26:46.601] [INFO] debug-file - Finished :entry:default@CompileResource... after 535 ms 
[2026-04-13T23:26:46.601] [DEBUG] debug-file - Executing task :entry:default@DoNativeStrip
[2026-04-13T23:26:46.602] [DEBUG] debug-file - Task 'entry:default@DoNativeStrip' cost while wrapping incremental declarations: 1 ms 
[2026-04-13T23:26:46.604] [DEBUG] debug-file - entry : default@DoNativeStrip cost memory 0.0748443603515625
[2026-04-13T23:26:46.604] [DEBUG] debug-file - runTaskFromQueue task cost before running: 2 s 719 ms 
[2026-04-13T23:26:46.604] [INFO] debug-file - Finished :entry:default@DoNativeStrip... after 3 ms 
[2026-04-13T23:26:46.605] [DEBUG] debug-file - Executing task :entry:default@CompileArkTS
[2026-04-13T23:26:46.605] [DEBUG] debug-file - obfuscationOptions: undefined
[2026-04-13T23:26:46.606] [DEBUG] debug-file - Task 'entry:default@CompileArkTS' cost while wrapping incremental declarations: 1 ms 
[2026-04-13T23:26:46.616] [DEBUG] debug-file - build config:
[2026-04-13T23:26:46.616] [DEBUG] debug-file - {
  moduleType: 'entry',
  perf: 0,
  targetName: '.default',
  packageManagerType: 'ohpm',
  localPropertiesPath: 'C:\\Users\\ming\\Desktop\\PlayShortVideosBasedOnVideoComponent-master\\local.properties',
  isPreview: false,
  isOhosTest: false,
  isLocalTest: false,
  buildMode: 'Debug',
  hotReloadBuild: undefined,
  watchMode: 'false',
  aceProfilePath: 'C:\\Users\\ming\\Desktop\\PlayShortVideosBasedOnVideoComponent-master\\entry\\build\\default\\intermediates\\res\\default\\resources\\base\\profile',
  etsLoaderPath: 'D:\\DevEco Studio\\sdk\\default\\openharmony\\ets\\build-tools\\ets-loader',
  modulePath: 'C:\\Users\\ming\\Desktop\\PlayShortVideosBasedOnVideoComponent-master\\entry',
  testFrameworkPar: {
    testMode: undefined,
    coveragePathFilter: undefined,
    coverageMode: undefined
  },
  needCoverageInsert: false,
  debugLine: false,
  projectTopDir: 'C:\\Users\\ming\\Desktop\\PlayShortVideosBasedOnVideoComponent-master',
  compileSdkVersion: 22,
  compatibleSdkVersion: 22,
  originCompatibleSdkVersion: '6.0.2(22)',
  compatibleSdkVersionStage: undefined,
  bundleName: 'c***o',
  etsLoaderVersion: '6.0.2.130',
  etsLoaderReleaseType: 'Release',
  aotCompileMode: 'type',
  apPath: 'C:\\Users\\ming\\Desktop\\PlayShortVideosBasedOnVideoComponent-master\\entry\\modules.ap',
  entryModuleName: 'entry',
  entryModuleVersion: '1.0.0',
  entryPackageName: 'entry',
  allModuleNameHash: '4293181441ae3e10b56a0b7bcafb85c22f55b1d80554fb6816c204e05c2e75ab',
  externalApiPaths: [ 'D:\\DevEco Studio\\sdk\\default\\hms\\ets' ],
  compilerTypes: [],
  isCrossplatform: false,
  hvigorPluginFile: undefined,
  compilePluginPath: undefined,
  buildGeneratedProfilePath: 'C:\\Users\\ming\\Desktop\\PlayShortVideosBasedOnVideoComponent-master\\entry\\build\\default\\generated\\profile\\default',
  bundleType: 'app',
  arkTSVersion: undefined,
  apiVersion: 22,
  needCompleteSourcesMap: false,
  isFaMode: false,
  buildDir: 'C:\\Users\\ming\\Desktop\\PlayShortVideosBasedOnVideoComponent-master\\entry\\build',
  deviceTypes: [ 'phone' ],
  pkgContextInfo: {
    entry: {
      packageName: 'entry',
      bundleName: '*****',
      moduleName: '',
      version: '',
      entryPath: 'src/main/',
      isSO: false,
      dependencyAlias: ''
    }
  },
  ohPackagePathMap: {},
  dependencyAliasMap: {},
  permission: { requestPermissions: undefined, definePermissions: undefined },
  useGetCurrentBundleName: false,
  projectArkOption: undefined,
  sourceMapDir: undefined,
  branchElimination: false,
  transformLib: undefined,
  tsImportSendable: false,
  resolveConflictMode: true,
  depName2RootPath: {},
  depName2DepInfo: {},
  rootPathSet: [
    'C:\\Users\\ming\\Desktop\\PlayShortVideosBasedOnVideoComponent-master'
  ],
  useNativeResolver: true,
  shouldEmitJs: true,
  useTscResolve: false,
  singleFileEmit: false,
  userProjectConfig: {
    autoLazyImport: false,
    allowEmptyBundleName: false,
    reExportCheckMode: 'noCheck',
    executionMode: 'memory',
    usePathPlaceholder: false,
    writeRollupCache: true,
    isExpandImportEnabled: false,
    expandImportExclude: '',
    lazyImportExclude: '',
    lazyImportInclude: '',
    ignoreCrossplatformCheck: false,
    isHarDeduplicateEnabled: false,
    skipOhModulesLint: false,
    enableStrictCheckOHModule: false,
    disableSendableCheckRules: [],
    useDeclarationFileSignature: false,
    customizedOptions: undefined,
    integratedHsp: false,
    isPreloadSoEnabled: false
  },
  executionMode: 'memory',
  arkCompileCachePath: 'C:\\Users\\ming\\Desktop\\PlayShortVideosBasedOnVideoComponent-master\\entry\\build\\default\\cache\\default\\default@CompileArkTS\\esmodule',
  autoLazyFilter: undefined,
  isHarDeduplicateEnabled: false,
  intermediateHarDuplicateDirPath: 'C:\\Users\\ming\\Desktop\\PlayShortVideosBasedOnVideoComponent-master\\entry\\build\\default\\intermediates\\har_duplicate\\default',
  autoLazyImport: false,
  allowEmptyBundleName: false,
  reExportCheckMode: 'noCheck',
  usePathPlaceholder: false,
  writeRollupCache: true,
  isExpandImportEnabled: false,
  expandImportExclude: '',
  lazyImportExclude: '',
  lazyImportInclude: '',
  ignoreCrossplatformCheck: false,
  skipOhModulesLint: false,
  enableStrictCheckOHModule: false,
  disableSendableCheckRules: [],
  useDeclarationFileSignature: false,
  customizedOptions: undefined,
  integratedHsp: false,
  isPreloadSoEnabled: false,
  strictMode: {
    caseSensitiveCheck: true,
    useNormalizedOHMUrl: true,
    noExternalImportByPath: true
  },
  useNormalizedOHMUrl: true,
  caseSensitiveCheck: true,
  aceModuleJsonPath: 'C:\\Users\\ming\\Desktop\\PlayShortVideosBasedOnVideoComponent-master\\entry\\build\\default\\intermediates\\res\\default\\ark_module.json',
  appResource: 'C:\\Users\\ming\\Desktop\\PlayShortVideosBasedOnVideoComponent-master\\entry\\build\\default\\intermediates\\res\\default\\ResourceTable.txt',
  rawFileResource: 'C:\\Users\\ming\\Desktop\\PlayShortVideosBasedOnVideoComponent-master\\entry\\build\\default\\intermediates\\res\\default\\resources\\rawfile',
  resourceTableHash: 'b2ab5f6c43049a30f5528f65c0fb683b0371500ec32897cf7487a25b9373fab7',
  runtimeOS: 'HarmonyOS',
  sdkInfo: 'false:22:6.0.2.130:Release',
  aceModuleRoot: 'C:\\Users\\ming\\Desktop\\PlayShortVideosBasedOnVideoComponent-master\\entry\\src\\main\\ets',
  compileMode: 'esmodule',
  aceSuperVisualPath: 'C:\\Users\\ming\\Desktop\\PlayShortVideosBasedOnVideoComponent-master\\entry\\src\\main\\supervisual',
  aceBuildJson: 'C:\\Users\\ming\\Desktop\\PlayShortVideosBasedOnVideoComponent-master\\entry\\build\\default\\intermediates\\loader\\default\\loader.json',
  cachePath: 'C:\\Users\\ming\\Desktop\\PlayShortVideosBasedOnVideoComponent-master\\entry\\build\\default\\cache\\default\\default@CompileArkTS\\esmodule\\debug',
  aceModuleBuild: 'C:\\Users\\ming\\Desktop\\PlayShortVideosBasedOnVideoComponent-master\\entry\\build\\default\\intermediates\\loader_out\\default\\ets',
  supportChunks: true,
  declaredFilesPath: undefined,
  shouldCollectDirectImportees: false,
  isByteCodeHarOptimize: false,
  expandImportPath: undefined,
  pkgNameToPkgBriefInfo: {
    entry: {
      pkgRoot: 'C:\\Users\\ming\\Desktop\\PlayShortVideosBasedOnVideoComponent-master\\entry',
      originalSourceRoots: undefined,
      sourceRoots: [Array],
      pkgName: 'entry'
    }
  },
  projectModel: {
    'C:\\Users\\ming\\Desktop\\PlayShortVideosBasedOnVideoComponent-master\\entry\\src\\main': {
      moduleName: 'entry',
      modulePkgPath: 'C:\\Users\\ming\\Desktop\\PlayShortVideosBasedOnVideoComponent-master\\entry',
      belongProjectPath: 'C:\\Users\\ming\\Desktop\\PlayShortVideosBasedOnVideoComponent-master'
    },
    'C:\\Users\\ming\\Desktop\\PlayShortVideosBasedOnVideoComponent-master\\entry\\.test\\default\\intermediates\\src\\ohosTest\\ets': {
      moduleName: 'entry',
      modulePkgPath: 'C:\\Users\\ming\\Desktop\\PlayShortVideosBasedOnVideoComponent-master\\entry',
      belongProjectPath: 'C:\\Users\\ming\\Desktop\\PlayShortVideosBasedOnVideoComponent-master'
    },
    'C:\\Users\\ming\\Desktop\\PlayShortVideosBasedOnVideoComponent-master\\entry\\src\\ohosTest': {
      moduleName: 'entry',
      modulePkgPath: 'C:\\Users\\ming\\Desktop\\PlayShortVideosBasedOnVideoComponent-master\\entry',
      belongProjectPath: 'C:\\Users\\ming\\Desktop\\PlayShortVideosBasedOnVideoComponent-master'
    },
    'C:\\Users\\ming\\Desktop\\PlayShortVideosBasedOnVideoComponent-master\\entry': {
      moduleName: 'entry',
      modulePkgPath: 'C:\\Users\\ming\\Desktop\\PlayShortVideosBasedOnVideoComponent-master\\entry',
      belongProjectPath: 'C:\\Users\\ming\\Desktop\\PlayShortVideosBasedOnVideoComponent-master'
    },
    'C:\\Users\\ming\\Desktop\\PlayShortVideosBasedOnVideoComponent-master': {
      moduleName: 'PlayShortVideosBasedOnVideoComponent-master',
      modulePkgPath: 'C:\\Users\\ming\\Desktop\\PlayShortVideosBasedOnVideoComponent-master',
      belongProjectPath: 'C:\\Users\\ming\\Desktop\\PlayShortVideosBasedOnVideoComponent-master'
    }
  },
  pkgJsonFileHash: '33091e094eb299ab7e307c4afe0348ddbaa3b7f47828b8a8be9c1a88165787ba',
  allModulePaths: [
    'C:\\Users\\ming\\Desktop\\PlayShortVideosBasedOnVideoComponent-master\\entry'
  ],
  routerMap: {},
  obfuscationOptions: undefined,
  byteCodeHarToDependencyKeys: undefined,
  compileBlockPkg: [],
  mockParams: {
    decorator: '@MockSetup',
    packageName: '@ohos/hamock',
    etsSourceRootPath: 'src/main/ets',
    mockConfigPath: undefined,
    mockConfigKey2ModuleInfo: {},
    source2ModuleIdMap: {}
  },
  copyCodeResourceEnable: false,
  copyCodeResourceExcludes: [],
  copyCodeResourceIncludes: undefined,
  uiTransformOptimization: false,
  sdkPath: 'D:/DevEco Studio/sdk',
  needPreloadSoFileSet: {},
  preloadSoFilePath: 'C:\\Users\\ming\\Desktop\\PlayShortVideosBasedOnVideoComponent-master\\entry\\build\\default\\intermediates\\preload\\default\\preload.json',
  useSourceHash: false,
  localModuleParamMap: {},
  otherPaths: {
    'entry/*': [
      '..\\*',
      '..\\..\\..\\build\\default\\generated\\profile\\default\\*'
    ]
  },
  collectImportersConfig: undefined
}
[2026-04-13T23:26:46.616] [DEBUG] debug-file - Compile arkts with external api path: D:\DevEco Studio\sdk\default\hms\ets
[2026-04-13T23:26:46.617] [DEBUG] debug-file - default@CompileArkTS work[0] is submitted.
[2026-04-13T23:26:46.618] [DEBUG] debug-file - default@CompileArkTS work[0] is pushed to ready queue.
[2026-04-13T23:26:46.618] [DEBUG] debug-file - A work dispatched to worker[31] failed because unable to get work from ready queue.
[2026-04-13T23:26:46.618] [DEBUG] debug-file - A work dispatched to worker[30] failed because unable to get work from ready queue.
[2026-04-13T23:26:46.618] [DEBUG] debug-file - A work dispatched to worker[29] failed because unable to get work from ready queue.
[2026-04-13T23:26:46.618] [DEBUG] debug-file - A work dispatched to worker[28] failed because unable to get work from ready queue.
[2026-04-13T23:26:46.618] [DEBUG] debug-file - A work dispatched to worker[27] failed because unable to get work from ready queue.
[2026-04-13T23:26:46.618] [DEBUG] debug-file - A work dispatched to worker[26] failed because unable to get work from ready queue.
[2026-04-13T23:26:46.618] [DEBUG] debug-file - A work dispatched to worker[25] failed because unable to get work from ready queue.
[2026-04-13T23:26:46.618] [DEBUG] debug-file - A work dispatched to worker[24] failed because unable to get work from ready queue.
[2026-04-13T23:26:46.618] [DEBUG] debug-file - A work dispatched to worker[23] failed because unable to get work from ready queue.
[2026-04-13T23:26:46.618] [DEBUG] debug-file - A work dispatched to worker[22] failed because unable to get work from ready queue.
[2026-04-13T23:26:46.618] [DEBUG] debug-file - A work dispatched to worker[21] failed because unable to get work from ready queue.
[2026-04-13T23:26:46.618] [DEBUG] debug-file - A work dispatched to worker[20] failed because unable to get work from ready queue.
[2026-04-13T23:26:46.618] [DEBUG] debug-file - A work dispatched to worker[19] failed because unable to get work from ready queue.
[2026-04-13T23:26:46.618] [DEBUG] debug-file - A work dispatched to worker[18] failed because unable to get work from ready queue.
[2026-04-13T23:26:46.618] [DEBUG] debug-file - A work dispatched to worker[17] failed because unable to get work from ready queue.
[2026-04-13T23:26:46.618] [DEBUG] debug-file - A work dispatched to worker[16] failed because unable to get work from ready queue.
[2026-04-13T23:26:46.618] [DEBUG] debug-file - A work dispatched to worker[15] failed because unable to get work from ready queue.
[2026-04-13T23:26:46.618] [DEBUG] debug-file - A work dispatched to worker[14] failed because unable to get work from ready queue.
[2026-04-13T23:26:46.618] [DEBUG] debug-file - A work dispatched to worker[13] failed because unable to get work from ready queue.
[2026-04-13T23:26:46.618] [DEBUG] debug-file - A work dispatched to worker[12] failed because unable to get work from ready queue.
[2026-04-13T23:26:46.618] [DEBUG] debug-file - A work dispatched to worker[11] failed because unable to get work from ready queue.
[2026-04-13T23:26:46.618] [DEBUG] debug-file - A work dispatched to worker[10] failed because unable to get work from ready queue.
[2026-04-13T23:26:46.618] [DEBUG] debug-file - A work dispatched to worker[9] failed because unable to get work from ready queue.
[2026-04-13T23:26:46.618] [DEBUG] debug-file - A work dispatched to worker[8] failed because unable to get work from ready queue.
[2026-04-13T23:26:46.618] [DEBUG] debug-file - A work dispatched to worker[7] failed because unable to get work from ready queue.
[2026-04-13T23:26:46.618] [DEBUG] debug-file - A work dispatched to worker[6] failed because unable to get work from ready queue.
[2026-04-13T23:26:46.618] [DEBUG] debug-file - A work dispatched to worker[5] failed because unable to get work from ready queue.
[2026-04-13T23:26:46.618] [DEBUG] debug-file - Create  resident worker with id: 4.
[2026-04-13T23:26:46.619] [DEBUG] debug-file - default@CompileArkTS work[0] has been dispatched to worker[4].
[2026-04-13T23:26:46.619] [DEBUG] debug-file - default@CompileArkTS work[0] is dispatched.
[2026-04-13T23:26:46.619] [DEBUG] debug-file - entry : default@CompileArkTS cost memory 1.6476821899414062
[2026-04-13T23:26:46.620] [DEBUG] debug-file - Executing task :entry:default@BuildJS
[2026-04-13T23:26:46.620] [DEBUG] debug-file - Task 'entry:default@BuildJS' cost while wrapping incremental declarations: 1 ms 
[2026-04-13T23:26:46.622] [DEBUG] debug-file - entry : default@BuildJS cost memory 0.18088531494140625
[2026-04-13T23:26:46.622] [DEBUG] debug-file - runTaskFromQueue task cost before running: 2 s 737 ms 
[2026-04-13T23:26:46.622] [INFO] debug-file - Finished :entry:default@BuildJS... after 2 ms 
[2026-04-13T23:26:46.623] [DEBUG] debug-file - Executing task :entry:default@CacheNativeLibs
[2026-04-13T23:26:46.623] [DEBUG] debug-file - Task 'entry:default@CacheNativeLibs' cost while wrapping incremental declarations: 1 ms 
[2026-04-13T23:26:46.623] [DEBUG] debug-file - default@CacheNativeLibs work[1] is submitted.
[2026-04-13T23:26:46.623] [DEBUG] debug-file - default@CacheNativeLibs work[1] is pushed to ready queue.
[2026-04-13T23:26:46.623] [DEBUG] debug-file - A work dispatched to worker[31] failed because unable to get work from ready queue.
[2026-04-13T23:26:46.623] [DEBUG] debug-file - Create  resident worker with id: 30.
[2026-04-13T23:26:46.624] [DEBUG] debug-file - default@CacheNativeLibs work[1] has been dispatched to worker[30].
[2026-04-13T23:26:46.624] [DEBUG] debug-file - default@CacheNativeLibs work[1] is dispatched.
[2026-04-13T23:26:46.624] [DEBUG] debug-file - entry : default@CacheNativeLibs cost memory 0.1577606201171875
[2026-04-13T23:26:47.214] [DEBUG] debug-file - worker[30] has one work done.
[2026-04-13T23:26:47.214] [DEBUG] debug-file - default@CacheNativeLibs work[1] done.
[2026-04-13T23:26:47.214] [DEBUG] debug-file - A work dispatched to worker[30] failed because unable to get work from ready queue.
[2026-04-13T23:26:47.214] [INFO] debug-file - Finished :entry:default@CacheNativeLibs... after 6 ms 
[2026-04-13T23:26:51.583] [DEBUG] debug-file - worker[4] has one work done.
[2026-04-13T23:26:51.584] [DEBUG] debug-file - Ark compile task finished.finished time is 19281119282100
[2026-04-13T23:26:51.586] [DEBUG] debug-file - default@CompileArkTS work[0] done.
[2026-04-13T23:26:51.586] [DEBUG] debug-file - A work dispatched to worker[4] failed because unable to get work from ready queue.
[2026-04-13T23:26:51.588] [INFO] debug-file - Finished :entry:default@CompileArkTS... after 3 s 492 ms 
[2026-04-13T23:26:51.589] [DEBUG] debug-file - Executing task :entry:default@GeneratePkgModuleJson
[2026-04-13T23:26:51.589] [DEBUG] debug-file - File: 'C:\Users\ming\Desktop\PlayShortVideosBasedOnVideoComponent-master\entry\build\default\intermediates\preload\default\preload.json' from 'preloadSoJsonPath' is not exists, just ignore.
[2026-04-13T23:26:51.590] [DEBUG] debug-file - Error occurs while handling @Input 'shouldDeduplicateHar': The "data" argument must be of type string or an instance of Buffer, TypedArray, or DataView. Received undefined
[2026-04-13T23:26:51.590] [DEBUG] debug-file - Task 'entry:default@GeneratePkgModuleJson' cost while wrapping incremental declarations: 1 ms 
[2026-04-13T23:26:51.592] [DEBUG] debug-file - entry : default@GeneratePkgModuleJson cost memory 0.16388702392578125
[2026-04-13T23:26:51.592] [DEBUG] debug-file - runTaskFromQueue task cost before running: 7 s 708 ms 
[2026-04-13T23:26:51.593] [INFO] debug-file - Finished :entry:default@GeneratePkgModuleJson... after 4 ms 
[2026-04-13T23:26:51.593] [DEBUG] debug-file - Executing task :entry:default@ProcessCompiledResources
[2026-04-13T23:26:51.593] [DEBUG] debug-file - File: 'C:\Users\ming\Desktop\PlayShortVideosBasedOnVideoComponent-master\entry\build\default\intermediates\preload\default\preload.json' from 'preloadSoJsonPath' is not exists, just ignore.
[2026-04-13T23:26:51.593] [DEBUG] debug-file - Task 'entry:default@ProcessCompiledResources' cost while wrapping incremental declarations: 1 ms 
[2026-04-13T23:26:51.594] [DEBUG] debug-file - entry : default@ProcessCompiledResources cost memory 0.062042236328125
[2026-04-13T23:26:51.594] [DEBUG] debug-file - runTaskFromQueue task cost before running: 7 s 709 ms 
[2026-04-13T23:26:51.594] [INFO] debug-file - Finished :entry:default@ProcessCompiledResources... after 1 ms 
[2026-04-13T23:26:51.596] [DEBUG] debug-file - Executing task :entry:default@PackageHap
[2026-04-13T23:26:51.599] [DEBUG] debug-file - Use tool [D:\DevEco Studio\sdk\default\openharmony\toolchains\lib\app_packing_tool.jar]
 [
  'java',
  '-Dfile.encoding=GBK',
  '-jar',
  'D:\\DevEco Studio\\sdk\\default\\openharmony\\toolchains\\lib\\app_packing_tool.jar',
  '--mode',
  'hap',
  '--force',
  'true',
  '--lib-path',
  'C:\\Users\\ming\\Desktop\\PlayShortVideosBasedOnVideoComponent-master\\entry\\build\\default\\intermediates\\stripped_native_libs\\default',
  '--json-path',
  'C:\\Users\\ming\\Desktop\\PlayShortVideosBasedOnVideoComponent-master\\entry\\build\\default\\intermediates\\package\\default\\module.json',
  '--resources-path',
  'C:\\Users\\ming\\Desktop\\PlayShortVideosBasedOnVideoComponent-master\\entry\\build\\default\\intermediates\\res\\default\\resources',
  '--index-path',
  'C:\\Users\\ming\\Desktop\\PlayShortVideosBasedOnVideoComponent-master\\entry\\build\\default\\intermediates\\res\\default\\resources.index',
  '--pack-info-path',
  'C:\\Users\\ming\\Desktop\\PlayShortVideosBasedOnVideoComponent-master\\entry\\build\\default\\outputs\\default\\pack.info',
  '--out-path',
  'C:\\Users\\ming\\Desktop\\PlayShortVideosBasedOnVideoComponent-master\\entry\\build\\default\\outputs\\default\\entry-default-unsigned.hap',
  '--ets-path',
  'C:\\Users\\ming\\Desktop\\PlayShortVideosBasedOnVideoComponent-master\\entry\\build\\default\\intermediates\\loader_out\\default\\ets',
  '--pkg-context-path',
  'C:\\Users\\ming\\Desktop\\PlayShortVideosBasedOnVideoComponent-master\\entry\\build\\default\\intermediates\\loader\\default\\pkgContextInfo.json'
]
[2026-04-13T23:26:51.901] [DEBUG] debug-file - java daemon socket received message:{"code":0,"message":"pack success"}
[2026-04-13T23:26:51.906] [DEBUG] debug-file - entry : default@PackageHap cost memory 0.6306915283203125
[2026-04-13T23:26:51.906] [DEBUG] debug-file - runTaskFromQueue task cost before running: 8 s 22 ms 
[2026-04-13T23:26:51.907] [INFO] debug-file - Finished :entry:default@PackageHap... after 311 ms 
[2026-04-13T23:26:51.909] [DEBUG] debug-file - Executing task :entry:default@PackingCheck
[2026-04-13T23:26:51.915] [DEBUG] debug-file - entry : default@PackingCheck cost memory 0.7105712890625
[2026-04-13T23:26:51.916] [DEBUG] debug-file - runTaskFromQueue task cost before running: 8 s 31 ms 
[2026-04-13T23:26:51.916] [INFO] debug-file - Finished :entry:default@PackingCheck... after 7 ms 
[2026-04-13T23:26:51.917] [DEBUG] debug-file - Executing task :entry:default@SignHap
[2026-04-13T23:26:51.917] [WARN] debug-file - Will skip sign 'hos_hap'. No signingConfigs profile is configured in current project.
             If needed, configure the signingConfigs in C:\Users\ming\Desktop\PlayShortVideosBasedOnVideoComponent-master\build-profile.json5.
[2026-04-13T23:26:51.918] [DEBUG] debug-file - entry : default@SignHap cost memory 0.15113067626953125
[2026-04-13T23:26:51.918] [DEBUG] debug-file - runTaskFromQueue task cost before running: 8 s 34 ms 
[2026-04-13T23:26:51.918] [INFO] debug-file - Finished :entry:default@SignHap... after 2 ms 
[2026-04-13T23:26:51.919] [DEBUG] debug-file - Executing task :entry:default@CollectDebugSymbol
[2026-04-13T23:26:51.920] [DEBUG] debug-file - entry : default@CollectDebugSymbol cost memory 0.10109710693359375
[2026-04-13T23:26:51.920] [DEBUG] debug-file - runTaskFromQueue task cost before running: 8 s 36 ms 
[2026-04-13T23:26:51.920] [INFO] debug-file - Finished :entry:default@CollectDebugSymbol... after 1 ms 
[2026-04-13T23:26:51.921] [DEBUG] debug-file - Executing task :entry:assembleHap
[2026-04-13T23:26:51.921] [DEBUG] debug-file - entry : assembleHap cost memory 0.0128326416015625
[2026-04-13T23:26:51.921] [DEBUG] debug-file - runTaskFromQueue task cost before running: 8 s 36 ms 
[2026-04-13T23:26:51.921] [INFO] debug-file - Finished :entry:assembleHap... after 1 ms 
[2026-04-13T23:26:51.931] [INFO] debug-file - BUILD SUCCESSFUL in 8 s 46 ms 
[2026-04-13T23:26:51.932] [DEBUG] debug-file - Update task entry:default@PreBuild input file:C:\Users\ming\Desktop\PlayShortVideosBasedOnVideoComponent-master\AppScope\app.json5 cache by regenerate.
[2026-04-13T23:26:51.932] [DEBUG] debug-file - Update task entry:default@PreBuild input file:C:\Users\ming\Desktop\PlayShortVideosBasedOnVideoComponent-master\entry\src\main\module.json5 cache by regenerate.
[2026-04-13T23:26:51.933] [DEBUG] debug-file - Update task entry:default@PreBuild input file:C:\Users\ming\Desktop\PlayShortVideosBasedOnVideoComponent-master\build-profile.json5 cache by regenerate.
[2026-04-13T23:26:51.933] [DEBUG] debug-file - Update task entry:default@PreBuild input file:C:\Users\ming\Desktop\PlayShortVideosBasedOnVideoComponent-master\entry\build-profile.json5 cache by regenerate.
[2026-04-13T23:26:51.933] [DEBUG] debug-file - Update task entry:default@PreBuild input file:C:\Users\ming\Desktop\PlayShortVideosBasedOnVideoComponent-master\entry\src\main\resources\base\profile\main_pages.json cache by regenerate.
[2026-04-13T23:26:51.933] [DEBUG] debug-file - Update task entry:default@PreBuild input file:C:\Users\ming\Desktop\PlayShortVideosBasedOnVideoComponent-master\hvigor\hvigor-config.json5 cache by regenerate.
[2026-04-13T23:26:51.933] [DEBUG] debug-file - Update task entry:default@PreBuild input file:C:\Users\ming\Desktop\PlayShortVideosBasedOnVideoComponent-master\entry\oh-package.json5 cache by regenerate.
[2026-04-13T23:26:51.933] [DEBUG] debug-file - Update task entry:default@PreBuild input file:C:\Users\ming\Desktop\PlayShortVideosBasedOnVideoComponent-master\oh-package.json5 cache by regenerate.
[2026-04-13T23:26:51.934] [DEBUG] debug-file - Incremental task entry:default@PreBuild post-execution cost:3 ms .
[2026-04-13T23:26:51.934] [DEBUG] debug-file - Update task entry:default@CreateModuleInfo output file:C:\Users\ming\Desktop\PlayShortVideosBasedOnVideoComponent-master\entry\build\default\generated\profile\default\ModuleInfo.ts cache.
[2026-04-13T23:26:51.934] [DEBUG] debug-file - Incremental task entry:default@CreateModuleInfo post-execution cost:1 ms .
[2026-04-13T23:26:51.934] [DEBUG] debug-file - Update task entry:default@GenerateMetadata input file:C:\Users\ming\Desktop\PlayShortVideosBasedOnVideoComponent-master\entry\src\main\module.json5 cache by regenerate.
[2026-04-13T23:26:51.934] [DEBUG] debug-file - Update task entry:default@GenerateMetadata output file:C:\Users\ming\Desktop\PlayShortVideosBasedOnVideoComponent-master\entry\build\default\intermediates\hap_metadata\default\output_metadata.json cache.
[2026-04-13T23:26:51.935] [DEBUG] debug-file - Incremental task entry:default@GenerateMetadata post-execution cost:1 ms .
[2026-04-13T23:26:51.935] [DEBUG] debug-file - Update task entry:default@MergeProfile input file:C:\Users\ming\Desktop\PlayShortVideosBasedOnVideoComponent-master\AppScope\app.json5 cache by regenerate.
[2026-04-13T23:26:51.935] [DEBUG] debug-file - Update task entry:default@MergeProfile input file:C:\Users\ming\Desktop\PlayShortVideosBasedOnVideoComponent-master\build-profile.json5 cache by regenerate.
[2026-04-13T23:26:51.935] [DEBUG] debug-file - Update task entry:default@MergeProfile input file:C:\Users\ming\Desktop\PlayShortVideosBasedOnVideoComponent-master\entry\src\main\module.json5 cache by regenerate.
[2026-04-13T23:26:51.935] [DEBUG] debug-file - Update task entry:default@MergeProfile output file:C:\Users\ming\Desktop\PlayShortVideosBasedOnVideoComponent-master\entry\build\default\intermediates\merge_profile\default\module.json cache.
[2026-04-13T23:26:51.936] [DEBUG] debug-file - Incremental task entry:default@MergeProfile post-execution cost:1 ms .
[2026-04-13T23:26:51.936] [DEBUG] debug-file - Update task entry:default@CreateBuildProfile input file:C:\Users\ming\Desktop\PlayShortVideosBasedOnVideoComponent-master\AppScope\app.json5 cache by regenerate.
[2026-04-13T23:26:51.936] [DEBUG] debug-file - Update task entry:default@CreateBuildProfile input file:C:\Users\ming\Desktop\PlayShortVideosBasedOnVideoComponent-master\build-profile.json5 cache by regenerate.
[2026-04-13T23:26:51.936] [DEBUG] debug-file - Update task entry:default@CreateBuildProfile output file:C:\Users\ming\Desktop\PlayShortVideosBasedOnVideoComponent-master\entry\build\default\generated\profile\default\BuildProfile.ets cache.
[2026-04-13T23:26:51.936] [DEBUG] debug-file - Incremental task entry:default@CreateBuildProfile post-execution cost:1 ms .
[2026-04-13T23:26:51.936] [DEBUG] debug-file - Update task entry:default@GeneratePkgContextInfo output file:C:\Users\ming\Desktop\PlayShortVideosBasedOnVideoComponent-master\entry\build\default\intermediates\loader\default\pkgContextInfo.json cache.
[2026-04-13T23:26:51.936] [DEBUG] debug-file - Incremental task entry:default@GeneratePkgContextInfo post-execution cost:1 ms .
[2026-04-13T23:26:51.937] [DEBUG] debug-file - Update task entry:default@ProcessIntegratedHsp output file:C:\Users\ming\Desktop\PlayShortVideosBasedOnVideoComponent-master\build\cache\default\integrated_hsp\integratedHspCache.json cache.
[2026-04-13T23:26:51.937] [DEBUG] debug-file - Incremental task entry:default@ProcessIntegratedHsp post-execution cost:1 ms .
[2026-04-13T23:26:51.937] [DEBUG] debug-file - Update task entry:default@MakePackInfo input file:C:\Users\ming\Desktop\PlayShortVideosBasedOnVideoComponent-master\AppScope\app.json5 cache by regenerate.
[2026-04-13T23:26:51.937] [DEBUG] debug-file - Update task entry:default@MakePackInfo input file:C:\Users\ming\Desktop\PlayShortVideosBasedOnVideoComponent-master\entry\src\main\module.json5 cache by regenerate.
[2026-04-13T23:26:51.937] [DEBUG] debug-file - Update task entry:default@MakePackInfo input file:C:\Users\ming\Desktop\PlayShortVideosBasedOnVideoComponent-master\build-profile.json5 cache by regenerate.
[2026-04-13T23:26:51.938] [DEBUG] debug-file - Update task entry:default@MakePackInfo input file:C:\Users\ming\Desktop\PlayShortVideosBasedOnVideoComponent-master\entry\src\main\resources\base\profile\backup_config.json cache by regenerate.
[2026-04-13T23:26:51.938] [DEBUG] debug-file - Update task entry:default@MakePackInfo output file:C:\Users\ming\Desktop\PlayShortVideosBasedOnVideoComponent-master\entry\build\default\outputs\default\pack.info cache.
[2026-04-13T23:26:51.938] [DEBUG] debug-file - Incremental task entry:default@MakePackInfo post-execution cost:2 ms .
[2026-04-13T23:26:51.938] [DEBUG] debug-file - Update task entry:default@SyscapTransform input file:D:\DevEco Studio\sdk\default\openharmony\toolchains\syscap_tool.exe cache by regenerate.
[2026-04-13T23:26:51.938] [DEBUG] debug-file - Update task entry:default@SyscapTransform input file:D:\DevEco Studio\sdk\default\openharmony\ets\api\device-define cache by regenerate.
[2026-04-13T23:26:51.939] [DEBUG] debug-file - Update task entry:default@SyscapTransform output file:C:\Users\ming\Desktop\PlayShortVideosBasedOnVideoComponent-master\entry\build\default\intermediates\syscap\default\rpcid.sc cache.
[2026-04-13T23:26:51.939] [DEBUG] debug-file - Incremental task entry:default@SyscapTransform post-execution cost:2 ms .
[2026-04-13T23:26:51.939] [DEBUG] debug-file - Update task entry:default@ProcessProfile input file:C:\Users\ming\Desktop\PlayShortVideosBasedOnVideoComponent-master\entry\build\default\intermediates\merge_profile\default\module.json cache by regenerate.
[2026-04-13T23:26:51.940] [DEBUG] debug-file - Update task entry:default@ProcessProfile output file:C:\Users\ming\Desktop\PlayShortVideosBasedOnVideoComponent-master\entry\build\default\intermediates\process_profile\default\module.json cache.
[2026-04-13T23:26:51.940] [DEBUG] debug-file - Incremental task entry:default@ProcessProfile post-execution cost:1 ms .
[2026-04-13T23:26:51.940] [DEBUG] debug-file - Update task entry:default@ProcessRouterMap input file:C:\Users\ming\Desktop\PlayShortVideosBasedOnVideoComponent-master\entry\oh-package.json5 cache by regenerate.
[2026-04-13T23:26:51.940] [DEBUG] debug-file - Update task entry:default@ProcessRouterMap input file:C:\Users\ming\Desktop\PlayShortVideosBasedOnVideoComponent-master\oh-package.json5 cache by regenerate.
[2026-04-13T23:26:51.941] [DEBUG] debug-file - Update task entry:default@ProcessRouterMap input file:C:\Users\ming\Desktop\PlayShortVideosBasedOnVideoComponent-master\entry\src\main\module.json5 cache by regenerate.
[2026-04-13T23:26:51.941] [DEBUG] debug-file - Update task entry:default@ProcessRouterMap input file:C:\Users\ming\Desktop\PlayShortVideosBasedOnVideoComponent-master\entry\build\default\intermediates\loader\default\pkgContextInfo.json cache by regenerate.
[2026-04-13T23:26:51.941] [DEBUG] debug-file - Update task entry:default@ProcessRouterMap output file:C:\Users\ming\Desktop\PlayShortVideosBasedOnVideoComponent-master\entry\build\default\intermediates\router_map\default\temp-router-map.json cache.
[2026-04-13T23:26:51.941] [DEBUG] debug-file - Update task entry:default@ProcessRouterMap output file:C:\Users\ming\Desktop\PlayShortVideosBasedOnVideoComponent-master\entry\build\default\intermediates\router_map\default\loader-router-map.json cache.
[2026-04-13T23:26:51.941] [DEBUG] debug-file - Incremental task entry:default@ProcessRouterMap post-execution cost:2 ms .
[2026-04-13T23:26:51.942] [DEBUG] debug-file - Update task entry:default@ProcessShareConfig input file:C:\Users\ming\Desktop\PlayShortVideosBasedOnVideoComponent-master\entry\oh-package.json5 cache by regenerate.
[2026-04-13T23:26:51.942] [DEBUG] debug-file - Update task entry:default@ProcessShareConfig input file:C:\Users\ming\Desktop\PlayShortVideosBasedOnVideoComponent-master\oh-package.json5 cache by regenerate.
[2026-04-13T23:26:51.942] [DEBUG] debug-file - Update task entry:default@ProcessShareConfig input file:C:\Users\ming\Desktop\PlayShortVideosBasedOnVideoComponent-master\entry\src\main\module.json5 cache by regenerate.
[2026-04-13T23:26:51.942] [DEBUG] debug-file - Update task entry:default@ProcessShareConfig input file:C:\Users\ming\Desktop\PlayShortVideosBasedOnVideoComponent-master\entry\build\default\intermediates\loader\default\pkgContextInfo.json cache by regenerate.
[2026-04-13T23:26:51.942] [DEBUG] debug-file - Update task entry:default@ProcessShareConfig output file:C:\Users\ming\Desktop\PlayShortVideosBasedOnVideoComponent-master\entry\build\default\intermediates\share_config\default\temp-share-config.json cache.
[2026-04-13T23:26:51.943] [DEBUG] debug-file - Incremental task entry:default@ProcessShareConfig post-execution cost:2 ms .
[2026-04-13T23:26:51.943] [DEBUG] debug-file - Update task entry:default@ProcessStartupConfig input file:C:\Users\ming\Desktop\PlayShortVideosBasedOnVideoComponent-master\entry\build\default\intermediates\loader\default\pkgContextInfo.json cache by regenerate.
[2026-04-13T23:26:51.943] [DEBUG] debug-file - Update task entry:default@ProcessStartupConfig output file:C:\Users\ming\Desktop\PlayShortVideosBasedOnVideoComponent-master\entry\build\default\intermediates\startup\default\startup_config.json cache.
[2026-04-13T23:26:51.943] [DEBUG] debug-file - Incremental task entry:default@ProcessStartupConfig post-execution cost:1 ms .
[2026-04-13T23:26:51.943] [DEBUG] debug-file - Update task entry:default@ProcessResource output file:C:\Users\ming\Desktop\PlayShortVideosBasedOnVideoComponent-master\entry\build\default\intermediates\res\default\resConfig.json cache.
[2026-04-13T23:26:51.943] [DEBUG] debug-file - Update task entry:default@ProcessResource output file:C:\Users\ming\Desktop\PlayShortVideosBasedOnVideoComponent-master\entry\build\default\intermediates\res\default\opt-compression.json cache.
[2026-04-13T23:26:51.944] [DEBUG] debug-file - Incremental task entry:default@ProcessResource post-execution cost:1 ms .
[2026-04-13T23:26:51.944] [DEBUG] debug-file - Update task entry:default@GenerateLoaderJson input file:C:\Users\ming\Desktop\PlayShortVideosBasedOnVideoComponent-master\entry\build\default\intermediates\loader\default\pkgContextInfo.json cache by regenerate.
[2026-04-13T23:26:51.944] [DEBUG] debug-file - Update task entry:default@GenerateLoaderJson input file:C:\Users\ming\Desktop\PlayShortVideosBasedOnVideoComponent-master\entry\build\default\intermediates\router_map\default\temp-router-map.json cache by regenerate.
[2026-04-13T23:26:51.944] [DEBUG] debug-file - Update task entry:default@GenerateLoaderJson output file:C:\Users\ming\Desktop\PlayShortVideosBasedOnVideoComponent-master\entry\build\default\intermediates\loader\default\loader.json cache.
[2026-04-13T23:26:51.945] [DEBUG] debug-file - Incremental task entry:default@GenerateLoaderJson post-execution cost:2 ms .
[2026-04-13T23:26:51.945] [DEBUG] debug-file - Update task entry:default@ProcessLibs input file:C:\Users\ming\Desktop\PlayShortVideosBasedOnVideoComponent-master\build-profile.json5 cache by regenerate.
[2026-04-13T23:26:51.945] [DEBUG] debug-file - Update task entry:default@ProcessLibs input file:C:\Users\ming\Desktop\PlayShortVideosBasedOnVideoComponent-master\entry\build-profile.json5 cache by regenerate.
[2026-04-13T23:26:51.945] [DEBUG] debug-file - Update task entry:default@ProcessLibs output file:C:\Users\ming\Desktop\PlayShortVideosBasedOnVideoComponent-master\entry\build\default\intermediates\libs\default cache.
[2026-04-13T23:26:51.945] [DEBUG] debug-file - Incremental task entry:default@ProcessLibs post-execution cost:1 ms .
[2026-04-13T23:26:51.946] [DEBUG] debug-file - Update task entry:default@CompileResource input file:C:\Users\ming\Desktop\PlayShortVideosBasedOnVideoComponent-master\entry\src\main\resources cache by regenerate.
[2026-04-13T23:26:51.949] [DEBUG] debug-file - Update task entry:default@CompileResource input file:C:\Users\ming\Desktop\PlayShortVideosBasedOnVideoComponent-master\AppScope\resources cache by regenerate.
[2026-04-13T23:26:51.950] [DEBUG] debug-file - Update task entry:default@CompileResource input file:C:\Users\ming\Desktop\PlayShortVideosBasedOnVideoComponent-master\entry\build\default\intermediates\process_profile\default\module.json cache by regenerate.
[2026-04-13T23:26:51.950] [DEBUG] debug-file - Update task entry:default@CompileResource input file:C:\Users\ming\Desktop\PlayShortVideosBasedOnVideoComponent-master\entry\build\default\intermediates\res\default\resConfig.json cache by regenerate.
[2026-04-13T23:26:51.950] [DEBUG] debug-file - Update task entry:default@CompileResource output file:C:\Users\ming\Desktop\PlayShortVideosBasedOnVideoComponent-master\entry\build\default\intermediates\res\default cache.
[2026-04-13T23:26:51.953] [DEBUG] debug-file - Update task entry:default@CompileResource output file:C:\Users\ming\Desktop\PlayShortVideosBasedOnVideoComponent-master\entry\build\default\generated\r\default\ResourceTable.h cache.
[2026-04-13T23:26:51.953] [DEBUG] debug-file - Update task entry:default@CompileResource output file:C:\Users\ming\Desktop\PlayShortVideosBasedOnVideoComponent-master\entry\build\default\generated\r\default cache.
[2026-04-13T23:26:51.954] [DEBUG] debug-file - Incremental task entry:default@CompileResource post-execution cost:9 ms .
[2026-04-13T23:26:51.954] [DEBUG] debug-file - Update task entry:default@DoNativeStrip input file:C:\Users\ming\Desktop\PlayShortVideosBasedOnVideoComponent-master\entry\build\default\intermediates\libs\default cache by regenerate.
[2026-04-13T23:26:51.954] [DEBUG] debug-file - Update task entry:default@DoNativeStrip output file:C:\Users\ming\Desktop\PlayShortVideosBasedOnVideoComponent-master\entry\build\default\intermediates\stripped_native_libs\default cache.
[2026-04-13T23:26:51.954] [DEBUG] debug-file - Incremental task entry:default@DoNativeStrip post-execution cost:1 ms .
[2026-04-13T23:26:51.955] [DEBUG] debug-file - Update task entry:default@CompileArkTS input file:C:\Users\ming\Desktop\PlayShortVideosBasedOnVideoComponent-master\entry\build\default\intermediates\loader\default cache by regenerate.
[2026-04-13T23:26:51.956] [DEBUG] debug-file - Update task entry:default@CompileArkTS input file:C:\Users\ming\Desktop\PlayShortVideosBasedOnVideoComponent-master\entry\build\default\intermediates\res\default\resources\rawfile cache by regenerate.
[2026-04-13T23:26:51.956] [DEBUG] debug-file - Update task entry:default@CompileArkTS input file:C:\Users\ming\Desktop\PlayShortVideosBasedOnVideoComponent-master\entry\build\default\intermediates\res\default\ResourceTable.txt cache by regenerate.
[2026-04-13T23:26:51.956] [DEBUG] debug-file - Update task entry:default@CompileArkTS input file:C:\Users\ming\Desktop\PlayShortVideosBasedOnVideoComponent-master\entry\build\default\intermediates\res\default\ark_module.json cache by regenerate.
[2026-04-13T23:26:51.957] [DEBUG] debug-file - Update task entry:default@CompileArkTS input file:C:\Users\ming\Desktop\PlayShortVideosBasedOnVideoComponent-master\entry\build\default\intermediates\res\default\resources\base\profile cache by regenerate.
[2026-04-13T23:26:51.957] [DEBUG] debug-file - Update task entry:default@CompileArkTS input file:C:\Users\ming\Desktop\PlayShortVideosBasedOnVideoComponent-master\entry\src\main\ets cache by regenerate.
[2026-04-13T23:26:51.959] [DEBUG] debug-file - Update task entry:default@CompileArkTS input file:C:\Users\ming\Desktop\PlayShortVideosBasedOnVideoComponent-master\entry\build\default\intermediates\loader\default\pkgContextInfo.json cache by regenerate.
[2026-04-13T23:26:51.959] [DEBUG] debug-file - Update task entry:default@CompileArkTS input file:C:\Users\ming\Desktop\PlayShortVideosBasedOnVideoComponent-master\entry\build\default\generated\profile\default\BuildProfile.ets cache by regenerate.
[2026-04-13T23:26:51.959] [DEBUG] debug-file - Update task entry:default@CompileArkTS output file:C:\Users\ming\Desktop\PlayShortVideosBasedOnVideoComponent-master\entry\build\default\intermediates\loader_out\default\ets cache.
[2026-04-13T23:26:51.960] [DEBUG] debug-file - Incremental task entry:default@CompileArkTS post-execution cost:6 ms .
[2026-04-13T23:26:51.960] [DEBUG] debug-file - Update task entry:default@BuildJS input file:C:\Users\ming\Desktop\PlayShortVideosBasedOnVideoComponent-master\entry\build\default\intermediates\loader\default cache by regenerate.
[2026-04-13T23:26:51.961] [DEBUG] debug-file - Update task entry:default@BuildJS input file:C:\Users\ming\Desktop\PlayShortVideosBasedOnVideoComponent-master\entry\build\default\intermediates\res\default\resources\rawfile cache by regenerate.
[2026-04-13T23:26:51.961] [DEBUG] debug-file - Update task entry:default@BuildJS input file:C:\Users\ming\Desktop\PlayShortVideosBasedOnVideoComponent-master\entry\build\default\intermediates\res\default\ResourceTable.txt cache by regenerate.
[2026-04-13T23:26:51.961] [DEBUG] debug-file - Update task entry:default@BuildJS input file:C:\Users\ming\Desktop\PlayShortVideosBasedOnVideoComponent-master\entry\build\default\intermediates\res\default\ark_module.json cache by regenerate.
[2026-04-13T23:26:51.962] [DEBUG] debug-file - Update task entry:default@BuildJS input file:C:\Users\ming\Desktop\PlayShortVideosBasedOnVideoComponent-master\entry\build\default\intermediates\res\default\resources\base\profile cache by regenerate.
[2026-04-13T23:26:51.962] [DEBUG] debug-file - Update task entry:default@BuildJS input file:C:\Users\ming\Desktop\PlayShortVideosBasedOnVideoComponent-master\entry\build\default\intermediates\loader\default\pkgContextInfo.json cache by regenerate.
[2026-04-13T23:26:51.962] [DEBUG] debug-file - Update task entry:default@BuildJS output file:C:\Users\ming\Desktop\PlayShortVideosBasedOnVideoComponent-master\entry\build\default\intermediates\loader_out\default\js cache.
[2026-04-13T23:26:51.962] [DEBUG] debug-file - Incremental task entry:default@BuildJS post-execution cost:3 ms .
[2026-04-13T23:26:51.962] [DEBUG] debug-file - Update task entry:default@CacheNativeLibs input file:C:\Users\ming\Desktop\PlayShortVideosBasedOnVideoComponent-master\entry\build\default\intermediates\stripped_native_libs\default cache by regenerate.
[2026-04-13T23:26:51.963] [DEBUG] debug-file - Update task entry:default@CacheNativeLibs input file:C:\Users\ming\Desktop\PlayShortVideosBasedOnVideoComponent-master\entry\build\default\intermediates\libs\default cache by regenerate.
[2026-04-13T23:26:51.963] [DEBUG] debug-file - Update task entry:default@CacheNativeLibs output file:C:\Users\ming\Desktop\PlayShortVideosBasedOnVideoComponent-master\entry\build\default\intermediates\patch\default\base_native_libs.json cache.
[2026-04-13T23:26:51.963] [DEBUG] debug-file - Incremental task entry:default@CacheNativeLibs post-execution cost:1 ms .
[2026-04-13T23:26:51.963] [DEBUG] debug-file - Update task entry:default@GeneratePkgModuleJson input file:C:\Users\ming\Desktop\PlayShortVideosBasedOnVideoComponent-master\entry\build\default\intermediates\res\default\module.json cache by regenerate.
[2026-04-13T23:26:51.963] [DEBUG] debug-file - Update task entry:default@GeneratePkgModuleJson output file:C:\Users\ming\Desktop\PlayShortVideosBasedOnVideoComponent-master\entry\build\default\intermediates\package\default\module.json cache.
[2026-04-13T23:26:51.963] [DEBUG] debug-file - Incremental task entry:default@GeneratePkgModuleJson post-execution cost:1 ms .
[2026-04-13T23:26:51.963] [DEBUG] debug-file - Incremental task entry:default@ProcessCompiledResources post-execution cost:1 ms .
[2026-04-13T23:26:51.964] [DEBUG] debug-file - Update task entry:default@PackageHap input file:C:\Users\ming\Desktop\PlayShortVideosBasedOnVideoComponent-master\entry\build\default\intermediates\stripped_native_libs\default cache by regenerate.
[2026-04-13T23:26:51.964] [DEBUG] debug-file - Update task entry:default@PackageHap input file:C:\Users\ming\Desktop\PlayShortVideosBasedOnVideoComponent-master\entry\build\default\intermediates\res\default\module.json cache by regenerate.
[2026-04-13T23:26:51.964] [DEBUG] debug-file - Update task entry:default@PackageHap input file:C:\Users\ming\Desktop\PlayShortVideosBasedOnVideoComponent-master\entry\build\default\intermediates\res\default\resources cache by regenerate.
[2026-04-13T23:26:51.966] [DEBUG] debug-file - Update task entry:default@PackageHap input file:C:\Users\ming\Desktop\PlayShortVideosBasedOnVideoComponent-master\entry\build\default\intermediates\res\default\resources.index cache by regenerate.
[2026-04-13T23:26:51.967] [DEBUG] debug-file - Update task entry:default@PackageHap input file:C:\Users\ming\Desktop\PlayShortVideosBasedOnVideoComponent-master\entry\build\default\outputs\default\pack.info cache by regenerate.
[2026-04-13T23:26:51.967] [DEBUG] debug-file - Update task entry:default@PackageHap input file:C:\Users\ming\Desktop\PlayShortVideosBasedOnVideoComponent-master\entry\build\default\intermediates\loader_out\default\ets cache by regenerate.
[2026-04-13T23:26:51.967] [DEBUG] debug-file - Update task entry:default@PackageHap input file:C:\Users\ming\Desktop\PlayShortVideosBasedOnVideoComponent-master\entry\build\default\intermediates\loader\default\pkgContextInfo.json cache by regenerate.
[2026-04-13T23:26:51.967] [DEBUG] debug-file - Update task entry:default@PackageHap input file:C:\Users\ming\Desktop\PlayShortVideosBasedOnVideoComponent-master\entry\build\default\intermediates\loader_out\default\ets\sourceMaps.map cache by regenerate.
[2026-04-13T23:26:51.967] [DEBUG] debug-file - Update task entry:default@PackageHap input file:C:\Users\ming\Desktop\PlayShortVideosBasedOnVideoComponent-master\entry\build\default\generated\profile\default\BuildProfile.ets cache by regenerate.
[2026-04-13T23:26:51.968] [DEBUG] debug-file - Update task entry:default@PackageHap output file:C:\Users\ming\Desktop\PlayShortVideosBasedOnVideoComponent-master\entry\build\default\outputs\default\entry-default-unsigned.hap cache.
[2026-04-13T23:26:51.968] [DEBUG] debug-file - Update task entry:default@PackageHap output file:C:\Users\ming\Desktop\PlayShortVideosBasedOnVideoComponent-master\entry\build\default\intermediates\source_map\default\sourceMaps.map cache.
[2026-04-13T23:26:51.968] [DEBUG] debug-file - Update task entry:default@PackageHap output file:C:\Users\ming\Desktop\PlayShortVideosBasedOnVideoComponent-master\entry\build\default\outputs\default\mapping\sourceMaps.map cache.
[2026-04-13T23:26:51.968] [DEBUG] debug-file - Incremental task entry:default@PackageHap post-execution cost:5 ms .
[2026-04-13T23:26:51.968] [DEBUG] debug-file - Update task entry:default@SignHap input file:C:\Users\ming\Desktop\PlayShortVideosBasedOnVideoComponent-master\entry\build\default\outputs\default\entry-default-unsigned.hap cache by regenerate.
[2026-04-13T23:26:51.969] [DEBUG] debug-file - Update task entry:default@SignHap output file:C:\Users\ming\Desktop\PlayShortVideosBasedOnVideoComponent-master\entry\build\default\outputs\default\entry-default-signed.hap cache.
[2026-04-13T23:26:51.969] [DEBUG] debug-file - Incremental task entry:default@SignHap post-execution cost:1 ms .
[2026-04-13T23:26:51.969] [DEBUG] debug-file - Update task entry:default@CollectDebugSymbol input file:C:\Users\ming\Desktop\PlayShortVideosBasedOnVideoComponent-master\entry\build\default\intermediates\loader_out\default\ets\sourceMaps.map cache by regenerate.
[2026-04-13T23:26:51.969] [DEBUG] debug-file - Update task entry:default@CollectDebugSymbol input file:C:\Users\ming\Desktop\PlayShortVideosBasedOnVideoComponent-master\entry\build\default\intermediates\libs\default cache by regenerate.
[2026-04-13T23:26:51.970] [DEBUG] debug-file - Update task entry:default@CollectDebugSymbol output file:C:\Users\ming\Desktop\PlayShortVideosBasedOnVideoComponent-master\entry\build\default\outputs\default\symbol cache.
[2026-04-13T23:26:51.970] [DEBUG] debug-file - Incremental task entry:default@CollectDebugSymbol post-execution cost:1 ms .
[2026-04-13T23:26:51.999] [DEBUG] debug-file - Cleanup worker 0.
[2026-04-13T23:26:51.999] [DEBUG] debug-file - Worker 0 has been cleaned up.
[2026-04-13T23:26:52.001] [DEBUG] debug-file - session manager: send message to worker process.
[2026-04-13T23:26:52.001] [DEBUG] debug-file - session manager: send message to worker process.
[2026-04-13T23:26:51.999] [DEBUG] debug-file - Current idle worker size: 3.
[2026-04-13T23:26:51.999] [DEBUG] debug-file - Current resident worker size: 4.
[2026-04-13T23:26:51.999] [DEBUG] debug-file - Cleanup worker 1.
[2026-04-13T23:26:52.000] [DEBUG] debug-file - Worker 1 has been cleaned up.
[2026-04-13T23:26:52.000] [DEBUG] debug-file - Current idle worker size: 2.
[2026-04-13T23:26:52.000] [DEBUG] debug-file - Current resident worker size: 4.
[2026-04-13T23:26:52.000] [DEBUG] debug-file - Cleanup worker 30.
[2026-04-13T23:26:52.000] [DEBUG] debug-file - Worker 30 has been cleaned up.
[2026-04-13T23:26:52.000] [DEBUG] debug-file - Current idle worker size: 1.
[2026-04-13T23:26:52.000] [DEBUG] debug-file - Current resident worker size: 4.
[2026-04-13T23:26:52.001] [DEBUG] debug-file - hvigor build process will be closed.
[2026-04-13T23:26:52.001] [DEBUG] debug-file - java daemon socket close code:1000 reason:close by user
[2026-04-13T23:26:52.003] [DEBUG] debug-file - watch worker: worker id should be larger than 0. Nothing will be sent to any worker thread.
[2026-04-13T23:26:52.003] [DEBUG] debug-file - watch worker: worker id should be larger than 0. Nothing will be sent to any worker thread.
[2026-04-13T23:26:52.006] [DEBUG] debug-file - worker[0] exits with exit code 1.
[2026-04-13T23:26:52.007] [DEBUG] debug-file - worker[1] exits with exit code 1.
[2026-04-13T23:26:52.011] [DEBUG] debug-file - worker[30] exits with exit code 1.
[2026-05-12T17:08:20.848] [DEBUG] debug-file - env: nodejsVersion=v18.20.1
[2026-05-12T17:08:21.566] [DEBUG] debug-file - Hvigor init with startParameters:{
  hvigorfileTypeCheck: false,
  parallelExecution: true,
  incrementalExecution: true,
  printStackTrace: false,
  daemon: false,
  analyze: 0,
  logLevel: Level { level: 20000, levelStr: 'INFO', colour: 'green' },
  optimizationStrategy: 'memory',
  hotCompile: undefined,
  hotReloadBuild: undefined,
  customizedParam: undefined
}
[2026-05-12T17:08:24.767] [DEBUG] debug-file - hvigorfile, require result:  { default: { system: [Function: appTasks], plugins: [] } }
[2026-05-12T17:08:24.770] [DEBUG] debug-file - Starting plugin build process
[2026-05-12T17:08:25.100] [DEBUG] debug-file - Start initialize project's product build option map with build mode debug.
[2026-05-12T17:08:25.097] [DEBUG] debug-file - App plugin register hook start...
[2026-05-12T17:08:25.107] [DEBUG] debug-file - Obtain build option for product 'default'in this build.
[2026-05-12T17:08:25.134] [DEBUG] debug-file - Start recording SDK configuration permission data.
[2026-05-12T17:08:25.210] [DEBUG] debug-file - Project task initialization takes 11 ms 
[2026-05-12T17:08:25.224] [DEBUG] debug-file - failed to load cangjie to dynamically generate schemas: Error: Cannot find module '@ohos/cangjie-build-support/index'
Require stack:
- D:\DevEco Studio\tools\hvigor\hvigor-ohos-plugin\src\plugin\hooks\cangjie-register.js
- D:\DevEco Studio\tools\hvigor\hvigor-ohos-plugin\src\plugin\strategy\stage-init-strategy.js
- D:\DevEco Studio\tools\hvigor\hvigor-ohos-plugin\src\plugin\builder\abstract-plugin-builder.js
- D:\DevEco Studio\tools\hvigor\hvigor-ohos-plugin\src\plugin\builder\app-plugin-builder.js
- D:\DevEco Studio\tools\hvigor\hvigor-ohos-plugin\src\plugin\factory\plugin-factory.js
- D:\DevEco Studio\tools\hvigor\hvigor-ohos-plugin\index.js
- D:\ziliao\opensourcesoftware\test\test2\PlayShortVideosBasedOnVideoComponent-master\hvigorfile.ts
- D:\DevEco Studio\tools\hvigor\hvigor\src\base\internal\lifecycle\configuration.js
- D:\DevEco Studio\tools\hvigor\hvigor\src\base\boot\index.js
- D:\DevEco Studio\tools\hvigor\hvigor\src\cli\main\cli.js
- D:\DevEco Studio\tools\hvigor\hvigor\bin\hvigor.js
[2026-05-12T17:08:25.251] [DEBUG] debug-file - Start initialize module-target build option map, moduleName=entry, buildMode=debug
[2026-05-12T17:08:25.264] [DEBUG] debug-file - project has submodules:entry
[2026-05-12T17:08:25.267] [DEBUG] debug-file - start to load updatedOhPackageInfo to the disk
[2026-05-12T17:08:25.285] [DEBUG] debug-file - Start to initialize dependency information.
[2026-05-12T17:08:20.855] [DEBUG] debug-file - env: hvigor-config.json5 content = {
  modelVersion: '6.0.2',
  dependencies: {},
  execution: {},
  logging: {},
  debugging: {},
  nodeOptions: {}
}
[2026-05-12T17:08:25.332] [DEBUG] debug-file - Create  resident worker with id: 0.
[2026-05-12T17:08:21.577] [DEBUG] debug-file - Cache service initialization finished in 11 ms 
[2026-05-12T17:08:24.768] [DEBUG] debug-file - hvigorfile, binding system plugins [Function: appTasks]
[2026-05-12T17:08:24.771] [DEBUG] debug-file - App plugin prepare start...
[2026-05-12T17:08:25.101] [DEBUG] debug-file - Picking option from product 'default' with build mode 'debug'.
[2026-05-12T17:08:25.098] [DEBUG] debug-file - App plugin register hook end...
[2026-05-12T17:08:25.108] [DEBUG] debug-file - not found resModel json file in : D:\ziliao\opensourcesoftware\test\test2\PlayShortVideosBasedOnVideoComponent-master\entry\src\ohosTest\module.json5
[2026-05-12T17:08:25.196] [DEBUG] debug-file - Sdk init in 77 ms 
[2026-05-12T17:08:25.210] [DEBUG] debug-file - hvigorfile, binding custom plugins []
[2026-05-12T17:08:25.251] [DEBUG] debug-file - Target 'default' config initialized
[2026-05-12T17:08:25.277] [DEBUG] debug-file - load to the disk finished
[2026-05-12T17:08:25.288] [DEBUG] debug-file - Module entry Collected Dependency: 
[2026-05-12T17:08:20.858] [DEBUG] debug-file - env: daemon=false
[2026-05-12T17:08:25.336] [DEBUG] debug-file - Create  resident worker with id: 1.
[2026-05-12T17:08:21.580] [DEBUG] debug-file - hvigorfile, resolving D:\ziliao\opensourcesoftware\test\test2\PlayShortVideosBasedOnVideoComponent-master\hvigorfile.ts
[2026-05-12T17:08:24.771] [DEBUG] debug-file - App plugin prepare end...
[2026-05-12T17:08:25.101] [DEBUG] debug-file - Product 'default' build option initialized
[2026-05-12T17:08:25.098] [DEBUG] debug-file - Plugin build process completed
[2026-05-12T17:08:25.118] [DEBUG] debug-file - No signingConfig found, initRemoteHspCache failed.
[2026-05-12T17:08:25.210] [DEBUG] debug-file - hvigorfile, no custom plugins were found in D:\ziliao\opensourcesoftware\test\test2\PlayShortVideosBasedOnVideoComponent-master\hvigorfile.ts
[2026-05-12T17:08:25.279] [DEBUG] debug-file - Start to initialize dependency information.
[2026-05-12T17:08:25.253] [DEBUG] debug-file - Target 'ohosTest' config initialized
[2026-05-12T17:08:25.288] [DEBUG] debug-file - Module entry's total dependency: 0
[2026-05-12T17:08:20.858] [DEBUG] debug-file - no-daemon, use the parent process.execArgv --max-old-space-size=8192,--max-semi-space-size=16,--expose-gc
[2026-05-12T17:08:25.340] [DEBUG] debug-file - Current worker pool is stopped or closed.
[2026-05-12T17:08:24.771] [DEBUG] debug-file - App plugin creating...
[2026-05-12T17:08:25.101] [DEBUG] debug-file - End initialize project's product build option map with build mode 'debug'.
[2026-05-12T17:08:25.121] [DEBUG] debug-file - Local scan or download HarmonyOS sdk components toolchains,ets,js,native,previewer
[2026-05-12T17:08:25.210] [DEBUG] debug-file - hvigorfile, resolve finished D:\ziliao\opensourcesoftware\test\test2\PlayShortVideosBasedOnVideoComponent-master\hvigorfile.ts
[2026-05-12T17:08:25.294] [DEBUG] debug-file - Configuration phase cost:3 s 716 ms 
[2026-05-12T17:08:25.282] [DEBUG] debug-file - Module PlayShortVideosBasedOnVideoComponent-master Collected Dependency: 
[2026-05-12T17:08:25.253] [DEBUG] debug-file - Module 'entry' target 'default' build option initialized
[2026-05-12T17:08:25.340] [DEBUG] debug-file - Clear worker 0.
[2026-05-12T17:08:25.127] [DEBUG] debug-file - Local scan or download hmscore sdk components toolchains,ets,native
[2026-05-12T17:08:25.211] [DEBUG] debug-file - hvigorfile, resolving D:\ziliao\opensourcesoftware\test\test2\PlayShortVideosBasedOnVideoComponent-master\entry\hvigorfile.ts
[2026-05-12T17:08:25.282] [DEBUG] debug-file - Module PlayShortVideosBasedOnVideoComponent-master's total dependency: 0
[2026-05-12T17:08:25.297] [DEBUG] debug-file - Configuration task cost before running: 3 s 752 ms 
[2026-05-12T17:08:25.253] [DEBUG] debug-file - Module 'entry' target 'ohosTest' build option initialized
[2026-05-12T17:08:25.341] [DEBUG] debug-file - Worker 0 has been cleared.
[2026-05-12T17:08:25.221] [DEBUG] debug-file - hvigorfile, require result:  { default: { system: [Function: hapTasks], plugins: [] } }
[2026-05-12T17:08:25.298] [DEBUG] debug-file - Executing task :entry:init
[2026-05-12T17:08:25.253] [DEBUG] debug-file - End initialize module-target build option map, moduleName=entry
[2026-05-12T17:08:25.341] [DEBUG] debug-file - Current idle worker size: 1.
[2026-05-12T17:08:25.221] [DEBUG] debug-file - hvigorfile, binding system plugins [Function: hapTasks]
[2026-05-12T17:08:25.298] [DEBUG] debug-file - entry : init cost memory 0.01415252685546875
[2026-05-12T17:08:25.253] [DEBUG] debug-file - Start initialize module-target build option map, moduleName=entry, buildMode=release
[2026-05-12T17:08:25.341] [DEBUG] debug-file - Current busy worker size: 0.
[2026-05-12T17:08:25.221] [DEBUG] debug-file - Starting plugin build process
[2026-05-12T17:08:25.299] [DEBUG] debug-file - runTaskFromQueue task cost before running: 3 s 754 ms 
[2026-05-12T17:08:25.253] [DEBUG] debug-file - Target 'default' config initialized
[2026-05-12T17:08:25.341] [DEBUG] debug-file - Clear worker 1.
[2026-05-12T17:08:25.222] [DEBUG] debug-file - Hap plugin creating...
[2026-05-12T17:08:25.300] [INFO] debug-file - Finished :entry:init... after 1 ms 
[2026-05-12T17:08:25.254] [DEBUG] debug-file - Target 'ohosTest' config initialized
[2026-05-12T17:08:25.341] [DEBUG] debug-file - Worker 1 has been cleared.
[2026-05-12T17:08:25.300] [DEBUG] debug-file - Executing task ::init
[2026-05-12T17:08:25.254] [DEBUG] debug-file - Module 'entry' target 'default' build option initialized
[2026-05-12T17:08:25.341] [DEBUG] debug-file - Current idle worker size: 0.
[2026-05-12T17:08:25.301] [DEBUG] debug-file - PlayShortVideosBasedOnVideoComponent-master : init cost memory 0.01139068603515625
[2026-05-12T17:08:25.254] [DEBUG] debug-file - Module 'entry' target 'ohosTest' build option initialized
[2026-05-12T17:08:25.341] [DEBUG] debug-file - Current busy worker size: 0.
[2026-05-12T17:08:25.301] [DEBUG] debug-file - runTaskFromQueue task cost before running: 3 s 756 ms 
[2026-05-12T17:08:25.254] [DEBUG] debug-file - End initialize module-target build option map, moduleName=entry
[2026-05-12T17:08:25.342] [DEBUG] debug-file - hvigor build process will be closed.
[2026-05-12T17:08:25.301] [INFO] debug-file - Finished ::init... after 1 ms 
[2026-05-12T17:08:25.254] [DEBUG] debug-file - Start initialize module-target build option map, moduleName=entry, buildMode=debug
[2026-05-12T17:08:25.349] [DEBUG] debug-file - worker[0] exits with exit code 0.
[2026-05-12T17:08:25.311] [DEBUG] debug-file - Obtain build option for module 'entry' target 'default'in this build.
[2026-05-12T17:08:25.353] [DEBUG] debug-file - worker[1] exits with exit code 0.
[2026-05-12T17:08:25.254] [DEBUG] debug-file - Target 'default' config initialized
[2026-05-12T17:08:25.312] [DEBUG] debug-file - Obtain build option for module 'entry' target 'ohosTest'in this build.
[2026-05-12T17:08:25.354] [DEBUG] debug-file - Current worker pool is terminated.
[2026-05-12T17:08:25.255] [DEBUG] debug-file - Target 'ohosTest' config initialized
[2026-05-12T17:08:25.328] [DEBUG] debug-file - Since there is no instance or instance is terminated, create a new worker pool.
[2026-05-12T17:08:25.255] [DEBUG] debug-file - Module 'entry' target 'default' build option initialized
[2026-05-12T17:08:25.328] [DEBUG] debug-file - Worker pool is initialized with config:  {
  minPoolNum: 2,
  maxPoolNum: undefined,
  maxCoreSize: undefined,
  cacheCapacity: undefined,
  cacheTtl: undefined
}
[2026-05-12T17:08:25.255] [DEBUG] debug-file - Module 'entry' target 'ohosTest' build option initialized
[2026-05-12T17:08:25.255] [DEBUG] debug-file - End initialize module-target build option map, moduleName=entry
[2026-05-12T17:08:25.255] [DEBUG] debug-file - Obtain build option for module 'entry' target 'default'in this build.
[2026-05-12T17:08:25.262] [DEBUG] debug-file - Module entry task initialization takes 6 ms 
[2026-05-12T17:08:25.262] [DEBUG] debug-file - Hap plugin register hook start...
[2026-05-12T17:08:25.262] [DEBUG] debug-file - Hap plugin register hook end...
[2026-05-12T17:08:25.262] [DEBUG] debug-file - Plugin build process completed
[2026-05-12T17:08:25.262] [DEBUG] debug-file - hvigorfile, binding custom plugins []
[2026-05-12T17:08:25.263] [DEBUG] debug-file - hvigorfile, no custom plugins were found in D:\ziliao\opensourcesoftware\test\test2\PlayShortVideosBasedOnVideoComponent-master\entry\hvigorfile.ts
[2026-05-12T17:08:25.263] [DEBUG] debug-file - hvigorfile, resolve finished D:\ziliao\opensourcesoftware\test\test2\PlayShortVideosBasedOnVideoComponent-master\entry\hvigorfile.ts
[2026-05-12T17:08:35.359] [DEBUG] debug-file - env: nodejsVersion=v18.20.1
[2026-05-12T17:08:35.500] [DEBUG] debug-file - env: daemon=true
[2026-05-12T17:08:35.362] [DEBUG] debug-file - env: hvigor-config.json5 content = {
  modelVersion: '6.0.2',
  dependencies: {},
  execution: {},
  logging: {},
  debugging: {},
  nodeOptions: {}
}
[2026-05-12T17:08:36.620] [DEBUG] debug-file - java daemon tryConnect failed Error: connect ECONNREFUSED 127.0.0.1:45050
[2026-05-12T17:08:36.818] [DEBUG] debug-file - java daemon started at port 45050 pid 18752
[2026-05-12T17:08:36.867] [DEBUG] debug-file - session manager: set active socket. socketId=ccgUn4ajknMWTJXnAAAB
[2026-05-12T17:08:37.806] [DEBUG] debug-file - watch worker: worker id should be larger than 0. Nothing will be sent to any worker thread.
[2026-05-12T17:08:37.818] [DEBUG] debug-file - Since there is no instance or instance is terminated, create a new worker pool.
[2026-05-12T17:08:37.820] [DEBUG] debug-file - Worker pool is initialized with config:  {
  minPoolNum: 2,
  maxPoolNum: undefined,
  maxCoreSize: undefined,
  cacheCapacity: undefined,
  cacheTtl: undefined
}
[2026-05-12T17:08:37.822] [DEBUG] debug-file - Create  resident worker with id: 0.
[2026-05-12T17:08:37.826] [DEBUG] debug-file - Create  resident worker with id: 1.
[2026-05-12T17:08:37.830] [DEBUG] debug-file - Workers' log level updated to INFO
[2026-05-12T17:08:37.842] [DEBUG] debug-file - Hvigor init with startParameters:{
  hvigorfileTypeCheck: false,
  parallelExecution: true,
  incrementalExecution: true,
  printStackTrace: false,
  daemon: true,
  analyze: 0,
  logLevel: Level { level: 20000, levelStr: 'INFO', colour: 'green' },
  optimizationStrategy: 'memory',
  hotCompile: undefined,
  hotReloadBuild: undefined,
  customizedParam: undefined
}
[2026-05-12T17:08:37.849] [DEBUG] debug-file - Cache service initialization finished in 7 ms 
[2026-05-12T17:08:37.852] [DEBUG] debug-file - hvigorfile, resolving D:\ziliao\opensourcesoftware\test\test2\PlayShortVideosBasedOnVideoComponent-master\hvigorfile.ts
[2026-05-12T17:08:39.979] [DEBUG] debug-file - hvigorfile, require result:  { default: { plugins: [] } }
[2026-05-12T17:08:39.980] [DEBUG] debug-file - hvigorfile, binding system plugins null
[2026-05-12T17:08:39.981] [DEBUG] debug-file - Starting plugin build process
[2026-05-12T17:08:39.981] [DEBUG] debug-file - App plugin prepare start...
[2026-05-12T17:08:39.982] [DEBUG] debug-file - App plugin prepare end...
[2026-05-12T17:08:39.982] [DEBUG] debug-file - App plugin creating...
[2026-05-12T17:08:40.249] [DEBUG] debug-file - App plugin register hook start...
[2026-05-12T17:08:40.250] [DEBUG] debug-file - App plugin register hook end...
[2026-05-12T17:08:40.250] [DEBUG] debug-file - Plugin build process completed
[2026-05-12T17:08:40.252] [DEBUG] debug-file - Start initialize project's product build option map with build mode debug.
[2026-05-12T17:08:40.252] [DEBUG] debug-file - Picking option from product 'default' with build mode 'debug'.
[2026-05-12T17:08:40.253] [DEBUG] debug-file - Product 'default' build option initialized
[2026-05-12T17:08:40.253] [DEBUG] debug-file - End initialize project's product build option map with build mode 'debug'.
[2026-05-12T17:08:40.255] [DEBUG] debug-file - Obtain build option for product 'default'in this build.
[2026-05-12T17:08:40.257] [DEBUG] debug-file - not found resModel json file in : D:\ziliao\opensourcesoftware\test\test2\PlayShortVideosBasedOnVideoComponent-master\entry\src\ohosTest\module.json5
[2026-05-12T17:08:40.266] [DEBUG] debug-file - No signingConfig found, initRemoteHspCache failed.
[2026-05-12T17:08:40.269] [DEBUG] debug-file - Local scan or download HarmonyOS sdk components toolchains,ets,js,native,previewer
[2026-05-12T17:08:40.272] [DEBUG] debug-file - Local scan or download hmscore sdk components toolchains,ets,native
[2026-05-12T17:08:40.275] [DEBUG] debug-file - Start recording SDK configuration permission data.
[2026-05-12T17:08:40.325] [DEBUG] debug-file - Sdk init in 58 ms 
[2026-05-12T17:08:40.333] [DEBUG] debug-file - Project task initialization takes 7 ms 
[2026-05-12T17:08:40.333] [DEBUG] debug-file - hvigorfile, binding custom plugins []
[2026-05-12T17:08:40.333] [DEBUG] debug-file - hvigorfile, no custom plugins were found in D:\ziliao\opensourcesoftware\test\test2\PlayShortVideosBasedOnVideoComponent-master\hvigorfile.ts
[2026-05-12T17:08:40.334] [DEBUG] debug-file - hvigorfile, resolve finished D:\ziliao\opensourcesoftware\test\test2\PlayShortVideosBasedOnVideoComponent-master\hvigorfile.ts
[2026-05-12T17:08:40.335] [DEBUG] debug-file - hvigorfile, resolving D:\ziliao\opensourcesoftware\test\test2\PlayShortVideosBasedOnVideoComponent-master\entry\hvigorfile.ts
[2026-05-12T17:08:40.342] [DEBUG] debug-file - hvigorfile, require result:  { default: { plugins: [] } }
[2026-05-12T17:08:40.343] [DEBUG] debug-file - hvigorfile, binding system plugins null
[2026-05-12T17:08:40.343] [DEBUG] debug-file - Starting plugin build process
[2026-05-12T17:08:40.343] [DEBUG] debug-file - Hap plugin creating...
[2026-05-12T17:08:40.344] [DEBUG] debug-file - failed to load cangjie to dynamically generate schemas: Error: Cannot find module '@ohos/cangjie-build-support/index'
Require stack:
- D:\DevEco Studio\tools\hvigor\hvigor-ohos-plugin\src\plugin\hooks\cangjie-register.js
- D:\DevEco Studio\tools\hvigor\hvigor-ohos-plugin\src\plugin\strategy\stage-init-strategy.js
- D:\DevEco Studio\tools\hvigor\hvigor-ohos-plugin\src\plugin\builder\abstract-plugin-builder.js
- D:\DevEco Studio\tools\hvigor\hvigor-ohos-plugin\src\plugin\builder\app-plugin-builder.js
- D:\DevEco Studio\tools\hvigor\hvigor-ohos-plugin\src\plugin\factory\plugin-factory.js
- D:\DevEco Studio\tools\hvigor\hvigor-ohos-plugin\index.js
- D:\ziliao\opensourcesoftware\test\test2\PlayShortVideosBasedOnVideoComponent-master\hvigorfile.ts
- D:\DevEco Studio\tools\hvigor\hvigor\src\base\internal\lifecycle\configuration.js
- D:\DevEco Studio\tools\hvigor\hvigor\src\base\boot\index.js
- D:\DevEco Studio\tools\hvigor\hvigor\src\base\daemon\cluster\worker-process-lifecycle.js
- D:\DevEco Studio\tools\hvigor\hvigor\src\base\daemon\process\daemon-process-boot-script.js
[2026-05-12T17:08:40.367] [DEBUG] debug-file - Start initialize module-target build option map, moduleName=entry, buildMode=debug
[2026-05-12T17:08:40.367] [DEBUG] debug-file - Target 'default' config initialized
[2026-05-12T17:08:40.368] [DEBUG] debug-file - Target 'ohosTest' config initialized
[2026-05-12T17:08:40.368] [DEBUG] debug-file - Module 'entry' target 'default' build option initialized
[2026-05-12T17:08:40.369] [DEBUG] debug-file - Module 'entry' target 'ohosTest' build option initialized
[2026-05-12T17:08:40.369] [DEBUG] debug-file - End initialize module-target build option map, moduleName=entry
[2026-05-12T17:08:40.369] [DEBUG] debug-file - Start initialize module-target build option map, moduleName=entry, buildMode=release
[2026-05-12T17:08:40.369] [DEBUG] debug-file - Target 'default' config initialized
[2026-05-12T17:08:40.369] [DEBUG] debug-file - Target 'ohosTest' config initialized
[2026-05-12T17:08:40.370] [DEBUG] debug-file - Module 'entry' target 'default' build option initialized
[2026-05-12T17:08:40.370] [DEBUG] debug-file - Module 'entry' target 'ohosTest' build option initialized
[2026-05-12T17:08:40.370] [DEBUG] debug-file - End initialize module-target build option map, moduleName=entry
[2026-05-12T17:08:40.370] [DEBUG] debug-file - Start initialize module-target build option map, moduleName=entry, buildMode=debug
[2026-05-12T17:08:40.370] [DEBUG] debug-file - Target 'default' config initialized
[2026-05-12T17:08:40.371] [DEBUG] debug-file - Target 'ohosTest' config initialized
[2026-05-12T17:08:40.371] [DEBUG] debug-file - Module 'entry' target 'default' build option initialized
[2026-05-12T17:08:40.371] [DEBUG] debug-file - Module 'entry' target 'ohosTest' build option initialized
[2026-05-12T17:08:40.371] [DEBUG] debug-file - End initialize module-target build option map, moduleName=entry
[2026-05-12T17:08:40.371] [DEBUG] debug-file - Obtain build option for module 'entry' target 'default'in this build.
[2026-05-12T17:08:40.379] [DEBUG] debug-file - Module entry task initialization takes 7 ms 
[2026-05-12T17:08:40.379] [DEBUG] debug-file - Hap plugin register hook start...
[2026-05-12T17:08:40.379] [DEBUG] debug-file - Hap plugin register hook end...
[2026-05-12T17:08:40.379] [DEBUG] debug-file - Plugin build process completed
[2026-05-12T17:08:40.379] [DEBUG] debug-file - hvigorfile, binding custom plugins []
[2026-05-12T17:08:40.379] [DEBUG] debug-file - hvigorfile, no custom plugins were found in D:\ziliao\opensourcesoftware\test\test2\PlayShortVideosBasedOnVideoComponent-master\entry\hvigorfile.ts
[2026-05-12T17:08:40.379] [DEBUG] debug-file - hvigorfile, resolve finished D:\ziliao\opensourcesoftware\test\test2\PlayShortVideosBasedOnVideoComponent-master\entry\hvigorfile.ts
[2026-05-12T17:08:40.412] [DEBUG] debug-file - hvigorfile, resolve hvigorfile dependencies in 32 ms 
[2026-05-12T17:08:40.412] [DEBUG] debug-file - project has submodules:entry
[2026-05-12T17:08:40.414] [DEBUG] debug-file - start to load updatedOhPackageInfo to the disk
[2026-05-12T17:08:40.422] [DEBUG] debug-file - load to the disk finished
[2026-05-12T17:08:40.424] [DEBUG] debug-file - Start to initialize dependency information.
[2026-05-12T17:08:40.427] [DEBUG] debug-file - Module PlayShortVideosBasedOnVideoComponent-master Collected Dependency: 
[2026-05-12T17:08:40.427] [DEBUG] debug-file - Module PlayShortVideosBasedOnVideoComponent-master's total dependency: 0
[2026-05-12T17:08:40.428] [DEBUG] debug-file - Start to initialize dependency information.
[2026-05-12T17:08:40.431] [DEBUG] debug-file - Module entry Collected Dependency: 
[2026-05-12T17:08:40.431] [DEBUG] debug-file - Module entry's total dependency: 0
[2026-05-12T17:08:40.436] [DEBUG] debug-file - Configuration phase cost:2 s 587 ms 
[2026-05-12T17:08:40.439] [DEBUG] debug-file - Configuration task cost before running: 2 s 608 ms 
[2026-05-12T17:08:40.449] [DEBUG] debug-file - Executing task :entry:default@PreBuild
[2026-05-12T17:08:40.451] [DEBUG] debug-file - Task 'entry:default@PreBuild' cost while wrapping incremental declarations: 1 ms 
[2026-05-12T17:08:40.459] [DEBUG] debug-file - entry:default@PreBuild is not up-to-date, since the input file 'D:\ziliao\opensourcesoftware\test\test2\PlayShortVideosBasedOnVideoComponent-master\AppScope\app.json5' has been changed.
[2026-05-12T17:08:40.459] [DEBUG] debug-file - Incremental task entry:default@PreBuild pre-execution cost: 5 ms .
[2026-05-12T17:08:40.659] [DEBUG] debug-file - current product is not Atomic service.
[2026-05-12T17:08:40.660] [DEBUG] debug-file - Use tool [win32: JAVA_HOME, CLASSPATH]
 [ { JAVA_HOME: 'D:\\DevEco Studio\\jbr' }, { CLASSPATH: undefined } ]
[2026-05-12T17:08:40.660] [DEBUG] debug-file - Use tool [win32: NODE_HOME]
 [ { NODE_HOME: 'D:\\DevEco Studio\\tools\\node' } ]
[2026-05-12T17:08:40.662] [DEBUG] debug-file - entry : default@PreBuild cost memory 6.771949768066406
[2026-05-12T17:08:40.662] [DEBUG] debug-file - runTaskFromQueue task cost before running: 2 s 831 ms 
[2026-05-12T17:08:40.665] [INFO] debug-file - Finished :entry:default@PreBuild... after 214 ms 
[2026-05-12T17:08:40.666] [DEBUG] debug-file - Executing task :entry:default@CreateModuleInfo
[2026-05-12T17:08:40.667] [DEBUG] debug-file - Task 'entry:default@CreateModuleInfo' cost while wrapping incremental declarations: 1 ms 
[2026-05-12T17:08:40.667] [DEBUG] debug-file - entry : default@CreateModuleInfo cost memory 0.04343414306640625
[2026-05-12T17:08:40.668] [DEBUG] debug-file - runTaskFromQueue task cost before running: 2 s 837 ms 
[2026-05-12T17:08:40.668] [INFO] debug-file - Finished :entry:default@CreateModuleInfo... after 2 ms 
[2026-05-12T17:08:40.669] [DEBUG] debug-file - Executing task :entry:default@GenerateMetadata
[2026-05-12T17:08:40.670] [DEBUG] debug-file - Task 'entry:default@GenerateMetadata' cost while wrapping incremental declarations: 1 ms 
[2026-05-12T17:08:40.671] [DEBUG] debug-file - entry:default@GenerateMetadata is not up-to-date, since the input file 'D:\ziliao\opensourcesoftware\test\test2\PlayShortVideosBasedOnVideoComponent-master\entry\src\main\module.json5' has been changed.
[2026-05-12T17:08:40.671] [DEBUG] debug-file - Incremental task entry:default@GenerateMetadata pre-execution cost: 1 ms .
[2026-05-12T17:08:40.673] [DEBUG] debug-file - entry : default@GenerateMetadata cost memory 0.3395843505859375
[2026-05-12T17:08:40.673] [DEBUG] debug-file - runTaskFromQueue task cost before running: 2 s 842 ms 
[2026-05-12T17:08:40.673] [INFO] debug-file - Finished :entry:default@GenerateMetadata... after 4 ms 
[2026-05-12T17:08:40.675] [DEBUG] debug-file - Executing task :entry:default@ConfigureCmake
[2026-05-12T17:08:40.675] [DEBUG] debug-file - entry : default@ConfigureCmake cost memory 0.0145263671875
[2026-05-12T17:08:40.675] [DEBUG] debug-file - runTaskFromQueue task cost before running: 2 s 844 ms 
[2026-05-12T17:08:40.675] [INFO] debug-file - Finished :entry:default@ConfigureCmake... after 1 ms 
[2026-05-12T17:08:40.677] [DEBUG] debug-file - Executing task :entry:default@MergeProfile
[2026-05-12T17:08:40.677] [DEBUG] debug-file - Task 'entry:default@MergeProfile' cost while wrapping incremental declarations: 1 ms 
[2026-05-12T17:08:40.678] [DEBUG] debug-file - entry:default@MergeProfile is not up-to-date, since the input file 'D:\ziliao\opensourcesoftware\test\test2\PlayShortVideosBasedOnVideoComponent-master\AppScope\app.json5' has been changed.
[2026-05-12T17:08:40.679] [DEBUG] debug-file - Incremental task entry:default@MergeProfile pre-execution cost: 1 ms .
[2026-05-12T17:08:40.679] [DEBUG] debug-file - Change app api release type with 'Release'
[2026-05-12T17:08:40.680] [DEBUG] debug-file - Change app compile API version with '6.0.2.130'
[2026-05-12T17:08:40.680] [DEBUG] debug-file - Change app target API version with '60002022'
[2026-05-12T17:08:40.680] [DEBUG] debug-file - Change app minimum API version with '60002022'
[2026-05-12T17:08:40.680] [DEBUG] debug-file - Use cli appEnvironment
[2026-05-12T17:08:40.686] [DEBUG] debug-file - entry : default@MergeProfile cost memory 0.48654937744140625
[2026-05-12T17:08:40.686] [DEBUG] debug-file - runTaskFromQueue task cost before running: 2 s 856 ms 
[2026-05-12T17:08:40.687] [INFO] debug-file - Finished :entry:default@MergeProfile... after 10 ms 
[2026-05-12T17:08:40.688] [DEBUG] debug-file - Executing task :entry:default@CreateBuildProfile
[2026-05-12T17:08:40.689] [DEBUG] debug-file - Task 'entry:default@CreateBuildProfile' cost while wrapping incremental declarations: 1 ms 
[2026-05-12T17:08:40.690] [DEBUG] debug-file - entry:default@CreateBuildProfile is not up-to-date, since the input file 'D:\ziliao\opensourcesoftware\test\test2\PlayShortVideosBasedOnVideoComponent-master\AppScope\app.json5' has been changed.
[2026-05-12T17:08:40.690] [DEBUG] debug-file - Incremental task entry:default@CreateBuildProfile pre-execution cost: 1 ms .
[2026-05-12T17:08:40.691] [DEBUG] debug-file - entry : default@CreateBuildProfile cost memory 0.1028289794921875
[2026-05-12T17:08:40.691] [DEBUG] debug-file - runTaskFromQueue task cost before running: 2 s 861 ms 
[2026-05-12T17:08:40.691] [INFO] debug-file - Finished :entry:default@CreateBuildProfile... after 3 ms 
[2026-05-12T17:08:40.693] [DEBUG] debug-file - Executing task :entry:default@PreCheckSyscap
[2026-05-12T17:08:40.693] [DEBUG] debug-file - entry : default@PreCheckSyscap cost memory 0.01483917236328125
[2026-05-12T17:08:40.693] [DEBUG] debug-file - runTaskFromQueue task cost before running: 2 s 862 ms 
[2026-05-12T17:08:40.693] [INFO] debug-file - Finished :entry:default@PreCheckSyscap... after 1 ms 
[2026-05-12T17:08:40.695] [DEBUG] debug-file - Executing task :entry:default@GeneratePkgContextInfo
[2026-05-12T17:08:40.702] [DEBUG] debug-file - Task 'entry:default@GeneratePkgContextInfo' cost while wrapping incremental declarations: 1 ms 
[2026-05-12T17:08:40.703] [DEBUG] debug-file - entry:default@GeneratePkgContextInfo is not up-to-date, since the output file 'D:\ziliao\opensourcesoftware\test\test2\PlayShortVideosBasedOnVideoComponent-master\entry\build\default\intermediates\loader\default\pkgContextInfo.json' has been changed.
[2026-05-12T17:08:40.703] [DEBUG] debug-file - Incremental task entry:default@GeneratePkgContextInfo pre-execution cost: 1 ms .
[2026-05-12T17:08:40.705] [DEBUG] debug-file - entry : default@GeneratePkgContextInfo cost memory 0.241455078125
[2026-05-12T17:08:40.705] [DEBUG] debug-file - runTaskFromQueue task cost before running: 2 s 874 ms 
[2026-05-12T17:08:40.705] [INFO] debug-file - Finished :entry:default@GeneratePkgContextInfo... after 10 ms 
[2026-05-12T17:08:40.709] [DEBUG] debug-file - Executing task :entry:default@ProcessIntegratedHsp
[2026-05-12T17:08:40.710] [DEBUG] debug-file - entry:default@ProcessIntegratedHsp is not up-to-date, since the output file 'D:\ziliao\opensourcesoftware\test\test2\PlayShortVideosBasedOnVideoComponent-master\build\cache\default\integrated_hsp\integratedHspCache.json' does not exist.
[2026-05-12T17:08:40.710] [DEBUG] debug-file - Incremental task entry:default@ProcessIntegratedHsp pre-execution cost: 1 ms .
[2026-05-12T17:08:40.710] [DEBUG] debug-file - entry : default@ProcessIntegratedHsp cost memory 0.06279754638671875
[2026-05-12T17:08:40.711] [DEBUG] debug-file - runTaskFromQueue task cost before running: 2 s 880 ms 
[2026-05-12T17:08:40.711] [INFO] debug-file - Finished :entry:default@ProcessIntegratedHsp... after 2 ms 
[2026-05-12T17:08:40.713] [DEBUG] debug-file - Executing task :entry:default@BuildNativeWithCmake
[2026-05-12T17:08:40.713] [DEBUG] debug-file - entry : default@BuildNativeWithCmake cost memory 0.014862060546875
[2026-05-12T17:08:40.714] [DEBUG] debug-file - runTaskFromQueue task cost before running: 2 s 883 ms 
[2026-05-12T17:08:40.714] [INFO] debug-file - Finished :entry:default@BuildNativeWithCmake... after 1 ms 
[2026-05-12T17:08:40.716] [DEBUG] debug-file - Executing task :entry:default@MakePackInfo
[2026-05-12T17:08:40.719] [DEBUG] debug-file - entry:default@MakePackInfo is not up-to-date, since the input file 'D:\ziliao\opensourcesoftware\test\test2\PlayShortVideosBasedOnVideoComponent-master\AppScope\app.json5' has been changed.
[2026-05-12T17:08:40.719] [DEBUG] debug-file - Incremental task entry:default@MakePackInfo pre-execution cost: 2 ms .
[2026-05-12T17:08:40.720] [DEBUG] debug-file - Module Pack Info:  {
  summary: {
    app: { bundleName: 'c***o', bundleType: 'app', version: [Object] },
    modules: [ [Object] ]
  },
  packages: [
    {
      deviceType: [Array],
      moduleType: 'entry',
      deliveryWithInstall: true,
      name: 'entry-default'
    }
  ]
}
[2026-05-12T17:08:40.721] [DEBUG] debug-file - entry : default@MakePackInfo cost memory 0.16103363037109375
[2026-05-12T17:08:40.721] [DEBUG] debug-file - runTaskFromQueue task cost before running: 2 s 891 ms 
[2026-05-12T17:08:40.722] [INFO] debug-file - Finished :entry:default@MakePackInfo... after 6 ms 
[2026-05-12T17:08:40.724] [DEBUG] debug-file - Executing task :entry:default@SyscapTransform
[2026-05-12T17:08:40.724] [DEBUG] debug-file - File: 'D:\ziliao\opensourcesoftware\test\test2\PlayShortVideosBasedOnVideoComponent-master\entry\src\main\syscap.json' from 'sysCapJsonPath' is not exists, just ignore.
[2026-05-12T17:08:40.726] [DEBUG] debug-file - Task 'entry:default@SyscapTransform' cost while wrapping incremental declarations: 2 ms 
[2026-05-12T17:08:40.744] [DEBUG] debug-file - entry:default@SyscapTransform is not up-to-date, since the output file 'D:\ziliao\opensourcesoftware\test\test2\PlayShortVideosBasedOnVideoComponent-master\entry\build\default\intermediates\syscap\default\rpcid.sc' does not exist.
[2026-05-12T17:08:40.744] [DEBUG] debug-file - Incremental task entry:default@SyscapTransform pre-execution cost: 18 ms .
[2026-05-12T17:08:40.744] [DEBUG] debug-file - entry : default@SyscapTransform cost memory 0.40114593505859375
[2026-05-12T17:08:40.745] [DEBUG] debug-file - runTaskFromQueue task cost before running: 2 s 914 ms 
[2026-05-12T17:08:40.745] [INFO] debug-file - Finished :entry:default@SyscapTransform... after 21 ms 
[2026-05-12T17:08:40.747] [DEBUG] debug-file - Executing task :entry:default@ProcessProfile
[2026-05-12T17:08:40.748] [DEBUG] debug-file - Task 'entry:default@ProcessProfile' cost while wrapping incremental declarations: 1 ms 
[2026-05-12T17:08:40.749] [DEBUG] debug-file - entry:default@ProcessProfile is not up-to-date, since the input file 'D:\ziliao\opensourcesoftware\test\test2\PlayShortVideosBasedOnVideoComponent-master\entry\build\default\intermediates\merge_profile\default\module.json' has been changed.
[2026-05-12T17:08:40.749] [DEBUG] debug-file - Incremental task entry:default@ProcessProfile pre-execution cost: 1 ms .
[2026-05-12T17:08:40.751] [DEBUG] debug-file - [
  'D:\\DevEco Studio\\tools\\node\\node.exe',
  'D:\\DevEco Studio\\sdk\\default\\openharmony\\ets\\build-tools\\ets-loader\\bin\\ark\\ts2abc.js',
  '--target-api-version',
  '22'
]
[2026-05-12T17:08:42.007] [DEBUG] debug-file - 13.0.1.0
[2026-05-12T17:08:42.008] [DEBUG] debug-file - No need to add fake ui ability because of not in preview process.
[2026-05-12T17:08:42.009] [DEBUG] debug-file - entry : default@ProcessProfile cost memory 1.7891921997070312
[2026-05-12T17:08:42.009] [DEBUG] debug-file - runTaskFromQueue task cost before running: 4 s 179 ms 
[2026-05-12T17:08:42.010] [INFO] debug-file - Finished :entry:default@ProcessProfile... after 1 s 263 ms 
[2026-05-12T17:08:42.012] [DEBUG] debug-file - Executing task :entry:default@ProcessRouterMap
[2026-05-12T17:08:42.013] [DEBUG] debug-file - entry:default@ProcessRouterMap is not up-to-date, since the input file 'D:\ziliao\opensourcesoftware\test\test2\PlayShortVideosBasedOnVideoComponent-master\entry\oh-package.json5' has been changed.
[2026-05-12T17:08:42.014] [DEBUG] debug-file - Incremental task entry:default@ProcessRouterMap pre-execution cost: 1 ms .
[2026-05-12T17:08:42.015] [DEBUG] debug-file - entry : default@ProcessRouterMap cost memory 0.13823699951171875
[2026-05-12T17:08:42.015] [DEBUG] debug-file - runTaskFromQueue task cost before running: 4 s 185 ms 
[2026-05-12T17:08:42.016] [INFO] debug-file - Finished :entry:default@ProcessRouterMap... after 4 ms 
[2026-05-12T17:08:42.018] [DEBUG] debug-file - Executing task :entry:default@ProcessShareConfig
[2026-05-12T17:08:42.019] [DEBUG] debug-file - entry:default@ProcessShareConfig is not up-to-date, since the input file 'D:\ziliao\opensourcesoftware\test\test2\PlayShortVideosBasedOnVideoComponent-master\entry\oh-package.json5' has been changed.
[2026-05-12T17:08:42.019] [DEBUG] debug-file - Incremental task entry:default@ProcessShareConfig pre-execution cost: 1 ms .
[2026-05-12T17:08:42.020] [DEBUG] debug-file - entry : default@ProcessShareConfig cost memory 0.12599945068359375
[2026-05-12T17:08:42.020] [DEBUG] debug-file - runTaskFromQueue task cost before running: 4 s 190 ms 
[2026-05-12T17:08:42.021] [INFO] debug-file - Finished :entry:default@ProcessShareConfig... after 3 ms 
[2026-05-12T17:08:42.022] [DEBUG] debug-file - Executing task :entry:default@ProcessStartupConfig
[2026-05-12T17:08:42.022] [DEBUG] debug-file - Task 'entry:default@ProcessStartupConfig' cost while wrapping incremental declarations: 1 ms 
[2026-05-12T17:08:42.024] [DEBUG] debug-file - entry:default@ProcessStartupConfig is not up-to-date, since the input file 'D:\ziliao\opensourcesoftware\test\test2\PlayShortVideosBasedOnVideoComponent-master\entry\build\default\intermediates\loader\default\pkgContextInfo.json' has been changed.
[2026-05-12T17:08:42.024] [DEBUG] debug-file - Incremental task entry:default@ProcessStartupConfig pre-execution cost: 1 ms .
[2026-05-12T17:08:42.024] [DEBUG] debug-file - entry : default@ProcessStartupConfig cost memory 0.14591217041015625
[2026-05-12T17:08:42.025] [DEBUG] debug-file - runTaskFromQueue task cost before running: 4 s 194 ms 
[2026-05-12T17:08:42.025] [INFO] debug-file - Finished :entry:default@ProcessStartupConfig... after 3 ms 
[2026-05-12T17:08:42.026] [DEBUG] debug-file - Executing task :entry:default@BuildNativeWithNinja
[2026-05-12T17:08:42.027] [DEBUG] debug-file - entry : default@BuildNativeWithNinja cost memory 0.0230712890625
[2026-05-12T17:08:42.027] [DEBUG] debug-file - runTaskFromQueue task cost before running: 4 s 196 ms 
[2026-05-12T17:08:42.028] [INFO] debug-file - Finished :entry:default@BuildNativeWithNinja... after 1 ms 
[2026-05-12T17:08:42.029] [DEBUG] debug-file - restool module names: entry; moduleName=entry, taskName=default@ProcessResource
[2026-05-12T17:08:42.032] [DEBUG] debug-file - Executing task :entry:default@ProcessResource
[2026-05-12T17:08:42.033] [DEBUG] debug-file - Task 'entry:default@ProcessResource' cost while wrapping incremental declarations: 1 ms 
[2026-05-12T17:08:42.034] [DEBUG] debug-file - entry:default@ProcessResource is not up-to-date, since the output file 'D:\ziliao\opensourcesoftware\test\test2\PlayShortVideosBasedOnVideoComponent-master\entry\build\default\intermediates\res\default\resConfig.json' has been changed.
[2026-05-12T17:08:42.034] [DEBUG] debug-file - Incremental task entry:default@ProcessResource pre-execution cost: 1 ms .
[2026-05-12T17:08:42.037] [DEBUG] debug-file - entry : default@ProcessResource cost memory 0.1743316650390625
[2026-05-12T17:08:42.038] [DEBUG] debug-file - runTaskFromQueue task cost before running: 4 s 207 ms 
[2026-05-12T17:08:42.039] [INFO] debug-file - Finished :entry:default@ProcessResource... after 7 ms 
[2026-05-12T17:08:42.041] [DEBUG] debug-file - Executing task :entry:default@GenerateLoaderJson
[2026-05-12T17:08:42.042] [DEBUG] debug-file - Task 'entry:default@GenerateLoaderJson' cost while wrapping incremental declarations: 1 ms 
[2026-05-12T17:08:42.050] [DEBUG] debug-file - entry:default@GenerateLoaderJson is not up-to-date, since the input file 'D:\ziliao\opensourcesoftware\test\test2\PlayShortVideosBasedOnVideoComponent-master\entry\build\default\intermediates\loader\default\pkgContextInfo.json' has been changed.
[2026-05-12T17:08:42.051] [DEBUG] debug-file - Incremental task entry:default@GenerateLoaderJson pre-execution cost: 4 ms .
[2026-05-12T17:08:42.055] [DEBUG] debug-file - entry : default@GenerateLoaderJson cost memory 0.7410049438476562
[2026-05-12T17:08:42.056] [DEBUG] debug-file - runTaskFromQueue task cost before running: 4 s 225 ms 
[2026-05-12T17:08:42.060] [INFO] debug-file - Finished :entry:default@GenerateLoaderJson... after 15 ms 
[2026-05-12T17:08:42.062] [DEBUG] debug-file - Executing task :entry:default@ProcessLibs
[2026-05-12T17:08:42.064] [DEBUG] debug-file - entry:default@ProcessLibs is not up-to-date, since the input file 'D:\ziliao\opensourcesoftware\test\test2\PlayShortVideosBasedOnVideoComponent-master\build-profile.json5' has been changed.
[2026-05-12T17:08:42.064] [DEBUG] debug-file - Incremental task entry:default@ProcessLibs pre-execution cost: 1 ms .
[2026-05-12T17:08:42.068] [DEBUG] debug-file - Worker dispatch failed, running processLibs on main thread.
[2026-05-12T17:08:42.070] [DEBUG] debug-file - entry : default@ProcessLibs cost memory 0.33318328857421875
[2026-05-12T17:08:42.070] [DEBUG] debug-file - runTaskFromQueue task cost before running: 4 s 239 ms 
[2026-05-12T17:08:42.070] [INFO] debug-file - Finished :entry:default@ProcessLibs... after 9 ms 
[2026-05-12T17:08:42.072] [DEBUG] debug-file - restool module names: entry; moduleName=entry, taskName=default@CompileResource
[2026-05-12T17:08:42.072] [DEBUG] debug-file - Executing task :entry:default@CompileResource
[2026-05-12T17:08:42.081] [DEBUG] debug-file - entry:default@CompileResource is not up-to-date, since the input file 'D:\ziliao\opensourcesoftware\test\test2\PlayShortVideosBasedOnVideoComponent-master\entry\src\main\resources' has been changed.
[2026-05-12T17:08:42.081] [DEBUG] debug-file - Incremental task entry:default@CompileResource pre-execution cost: 7 ms .
[2026-05-12T17:08:42.088] [DEBUG] debug-file - Use tool [D:\DevEco Studio\sdk\default\openharmony\toolchains\restool.exe]
 [
  'D:\\DevEco Studio\\sdk\\default\\openharmony\\toolchains\\restool.exe',
  '-l',
  'D:\\ziliao\\opensourcesoftware\\test\\test2\\PlayShortVideosBasedOnVideoComponent-master\\entry\\build\\default\\intermediates\\res\\default\\resConfig.json'
]
[2026-05-12T17:08:42.090] [DEBUG] debug-file - current process  memoryUsage: {
  rss: 281694208,
  heapTotal: 167161856,
  heapUsed: 143524360,
  external: 14048548,
  arrayBuffers: 11147335
} os memoryUsage :11.265892028808594
[2026-05-12T17:08:42.844] [DEBUG] debug-file - Info: Pack: normal pack mode

[2026-05-12T17:08:42.950] [DEBUG] debug-file - Info: hardware concurrency count is : 32
Info: thread count is : 32

[2026-05-12T17:08:42.951] [DEBUG] debug-file - Info: thread pool is started

[2026-05-12T17:08:42.952] [DEBUG] debug-file - Info: GenericCompiler::CompileFiles

[2026-05-12T17:08:42.968] [DEBUG] debug-file - Info: GenericCompiler::CompileFiles

[2026-05-12T17:08:42.969] [DEBUG] debug-file - Warning: 'D:\ziliao\opensourcesoftware\test\test2\PlayShortVideosBasedOnVideoComponent-master\entry\src\main\resources\base\media\background.png' is defined repeatedly.
Warning: 'D:\ziliao\opensourcesoftware\test\test2\PlayShortVideosBasedOnVideoComponent-master\entry\src\main\resources\base\media\layered_image.json' is defined repeatedly.
Warning: 'D:\ziliao\opensourcesoftware\test\test2\PlayShortVideosBasedOnVideoComponent-master\entry\src\main\resources\base\media\foreground.png' is defined repeatedly.

[2026-05-12T17:08:42.979] [DEBUG] debug-file - Info: GenericCompiler::CompileFiles

[2026-05-12T17:08:42.988] [DEBUG] debug-file - 05-12 17:08:42.989 17276  4488 E C01400/ImageTranscoderUtils: DecodeToRGBA IN

[2026-05-12T17:08:42.989] [DEBUG] debug-file - 05-12 17:08:42.989 17276  4488 E C01400/ImageTranscoderUtils: ImageFilter IN D:\ziliao\opensourcesoftware\test\test2\PlayShortVideosBasedOnVideoComponent-master\AppScope\resources\base\media\background.png

[2026-05-12T17:08:43.054] [DEBUG] debug-file - 05-12 17:08:43.054 17276  4488 E C01400/ImageTranscoderUtils: DecodeToRGBA IN
05-12 17:08:43.054 17276  4488 E C01400/ImageTranscoderUtils: ImageFilter IN D:\ziliao\opensourcesoftware\test\test2\PlayShortVideosBasedOnVideoComponent-master\AppScope\resources\base\media\foreground.png

[2026-05-12T17:08:43.109] [DEBUG] debug-file - Info: can't scale media json file.

[2026-05-12T17:08:43.110] [DEBUG] debug-file - Warning: The width or height of the png file referenced by the icon exceeds the limit (41 pixels)
at D:\ziliao\opensourcesoftware\test\test2\PlayShortVideosBasedOnVideoComponent-master\AppScope\resources\base\media\background.png
Warning: The width or height of the png file referenced by the icon exceeds the limit (41 pixels)
at D:\ziliao\opensourcesoftware\test\test2\PlayShortVideosBasedOnVideoComponent-master\AppScope\resources\base\media\foreground.png
Warning: D:\ziliao\opensourcesoftware\test\test2\PlayShortVideosBasedOnVideoComponent-master\AppScope\resources\base\media\layered_image.json is not png format

[2026-05-12T17:08:43.111] [DEBUG] debug-file - Info: restool resources compile success.

[2026-05-12T17:08:43.112] [DEBUG] debug-file - Info: thread pool is stopped

[2026-05-12T17:08:43.187] [DEBUG] debug-file - entry : default@CompileResource cost memory -29.32708740234375
[2026-05-12T17:08:43.187] [DEBUG] debug-file - runTaskFromQueue task cost before running: 5 s 356 ms 
[2026-05-12T17:08:43.188] [INFO] debug-file - Finished :entry:default@CompileResource... after 1 s 115 ms 
[2026-05-12T17:08:43.190] [DEBUG] debug-file - Executing task :entry:default@DoNativeStrip
[2026-05-12T17:08:43.190] [DEBUG] debug-file - Task 'entry:default@DoNativeStrip' cost while wrapping incremental declarations: 1 ms 
[2026-05-12T17:08:43.191] [DEBUG] debug-file - entry:default@DoNativeStrip is not up-to-date, since the input file 'D:\ziliao\opensourcesoftware\test\test2\PlayShortVideosBasedOnVideoComponent-master\entry\build\default\intermediates\libs\default' has been changed.
[2026-05-12T17:08:43.191] [DEBUG] debug-file - Incremental task entry:default@DoNativeStrip pre-execution cost: 1 ms .
[2026-05-12T17:08:43.193] [DEBUG] debug-file - entry : default@DoNativeStrip cost memory 0.1024627685546875
[2026-05-12T17:08:43.193] [DEBUG] debug-file - runTaskFromQueue task cost before running: 5 s 362 ms 
[2026-05-12T17:08:43.193] [INFO] debug-file - Finished :entry:default@DoNativeStrip... after 4 ms 
[2026-05-12T17:08:43.195] [DEBUG] debug-file - Executing task :entry:default@CompileArkTS
[2026-05-12T17:08:43.196] [DEBUG] debug-file - obfuscationOptions: undefined
[2026-05-12T17:08:43.198] [DEBUG] debug-file - Task 'entry:default@CompileArkTS' cost while wrapping incremental declarations: 1 ms 
[2026-05-12T17:08:43.204] [DEBUG] debug-file - entry:default@CompileArkTS is not up-to-date, since the input file 'D:\ziliao\opensourcesoftware\test\test2\PlayShortVideosBasedOnVideoComponent-master\entry\build\default\intermediates\loader\default' has been changed.
[2026-05-12T17:08:43.204] [DEBUG] debug-file - Incremental task entry:default@CompileArkTS pre-execution cost: 3 ms .
[2026-05-12T17:08:43.219] [DEBUG] debug-file - build config:
[2026-05-12T17:08:43.219] [DEBUG] debug-file - {
  moduleType: 'entry',
  perf: 0,
  targetName: '.default',
  packageManagerType: 'ohpm',
  localPropertiesPath: 'D:\\ziliao\\opensourcesoftware\\test\\test2\\PlayShortVideosBasedOnVideoComponent-master\\local.properties',
  isPreview: false,
  isOhosTest: false,
  isLocalTest: false,
  buildMode: 'Debug',
  hotReloadBuild: undefined,
  watchMode: 'false',
  aceProfilePath: 'D:\\ziliao\\opensourcesoftware\\test\\test2\\PlayShortVideosBasedOnVideoComponent-master\\entry\\build\\default\\intermediates\\res\\default\\resources\\base\\profile',
  etsLoaderPath: 'D:\\DevEco Studio\\sdk\\default\\openharmony\\ets\\build-tools\\ets-loader',
  modulePath: 'D:\\ziliao\\opensourcesoftware\\test\\test2\\PlayShortVideosBasedOnVideoComponent-master\\entry',
  testFrameworkPar: {
    testMode: undefined,
    coveragePathFilter: undefined,
    coverageMode: undefined
  },
  needCoverageInsert: false,
  debugLine: false,
  projectTopDir: 'D:\\ziliao\\opensourcesoftware\\test\\test2\\PlayShortVideosBasedOnVideoComponent-master',
  compileSdkVersion: 22,
  compatibleSdkVersion: 22,
  originCompatibleSdkVersion: '6.0.2(22)',
  compatibleSdkVersionStage: undefined,
  bundleName: 'c***o',
  etsLoaderVersion: '6.0.2.130',
  etsLoaderReleaseType: 'Release',
  aotCompileMode: 'type',
  apPath: 'D:\\ziliao\\opensourcesoftware\\test\\test2\\PlayShortVideosBasedOnVideoComponent-master\\entry\\modules.ap',
  entryModuleName: 'entry',
  entryModuleVersion: '1.0.0',
  entryPackageName: 'entry',
  allModuleNameHash: '4293181441ae3e10b56a0b7bcafb85c22f55b1d80554fb6816c204e05c2e75ab',
  externalApiPaths: [ 'D:\\DevEco Studio\\sdk\\default\\hms\\ets' ],
  compilerTypes: [],
  isCrossplatform: false,
  hvigorPluginFile: undefined,
  compilePluginPath: undefined,
  buildGeneratedProfilePath: 'D:\\ziliao\\opensourcesoftware\\test\\test2\\PlayShortVideosBasedOnVideoComponent-master\\entry\\build\\default\\generated\\profile\\default',
  bundleType: 'app',
  arkTSVersion: undefined,
  apiVersion: 22,
  needCompleteSourcesMap: false,
  isFaMode: false,
  buildDir: 'D:\\ziliao\\opensourcesoftware\\test\\test2\\PlayShortVideosBasedOnVideoComponent-master\\entry\\build',
  deviceTypes: [ 'phone' ],
  pkgContextInfo: {
    entry: {
      packageName: 'entry',
      bundleName: '*****',
      moduleName: '',
      version: '',
      entryPath: 'src/main/',
      isSO: false,
      dependencyAlias: ''
    }
  },
  ohPackagePathMap: {},
  dependencyAliasMap: {},
  permission: { requestPermissions: undefined, definePermissions: undefined },
  useGetCurrentBundleName: false,
  projectArkOption: undefined,
  sourceMapDir: undefined,
  branchElimination: false,
  transformLib: undefined,
  tsImportSendable: false,
  resolveConflictMode: true,
  depName2RootPath: {},
  depName2DepInfo: {},
  rootPathSet: [
    'D:\\ziliao\\opensourcesoftware\\test\\test2\\PlayShortVideosBasedOnVideoComponent-master'
  ],
  useNativeResolver: true,
  shouldEmitJs: true,
  useTscResolve: false,
  singleFileEmit: false,
  userProjectConfig: {
    autoLazyImport: false,
    allowEmptyBundleName: false,
    reExportCheckMode: 'noCheck',
    executionMode: 'memory',
    usePathPlaceholder: false,
    writeRollupCache: true,
    isExpandImportEnabled: false,
    expandImportExclude: '',
    lazyImportExclude: '',
    lazyImportInclude: '',
    ignoreCrossplatformCheck: false,
    isHarDeduplicateEnabled: false,
    skipOhModulesLint: false,
    enableStrictCheckOHModule: false,
    disableSendableCheckRules: [],
    useDeclarationFileSignature: false,
    customizedOptions: undefined,
    integratedHsp: false,
    isPreloadSoEnabled: false
  },
  executionMode: 'memory',
  arkCompileCachePath: 'D:\\ziliao\\opensourcesoftware\\test\\test2\\PlayShortVideosBasedOnVideoComponent-master\\entry\\build\\default\\cache\\default\\default@CompileArkTS\\esmodule',
  autoLazyFilter: undefined,
  isHarDeduplicateEnabled: false,
  intermediateHarDuplicateDirPath: 'D:\\ziliao\\opensourcesoftware\\test\\test2\\PlayShortVideosBasedOnVideoComponent-master\\entry\\build\\default\\intermediates\\har_duplicate\\default',
  autoLazyImport: false,
  allowEmptyBundleName: false,
  reExportCheckMode: 'noCheck',
  usePathPlaceholder: false,
  writeRollupCache: true,
  isExpandImportEnabled: false,
  expandImportExclude: '',
  lazyImportExclude: '',
  lazyImportInclude: '',
  ignoreCrossplatformCheck: false,
  skipOhModulesLint: false,
  enableStrictCheckOHModule: false,
  disableSendableCheckRules: [],
  useDeclarationFileSignature: false,
  customizedOptions: undefined,
  integratedHsp: false,
  isPreloadSoEnabled: false,
  strictMode: {
    caseSensitiveCheck: true,
    useNormalizedOHMUrl: true,
    noExternalImportByPath: true
  },
  useNormalizedOHMUrl: true,
  caseSensitiveCheck: true,
  aceModuleJsonPath: 'D:\\ziliao\\opensourcesoftware\\test\\test2\\PlayShortVideosBasedOnVideoComponent-master\\entry\\build\\default\\intermediates\\res\\default\\ark_module.json',
  appResource: 'D:\\ziliao\\opensourcesoftware\\test\\test2\\PlayShortVideosBasedOnVideoComponent-master\\entry\\build\\default\\intermediates\\res\\default\\ResourceTable.txt',
  rawFileResource: 'D:\\ziliao\\opensourcesoftware\\test\\test2\\PlayShortVideosBasedOnVideoComponent-master\\entry\\build\\default\\intermediates\\res\\default\\resources\\rawfile',
  resourceTableHash: 'b2ab5f6c43049a30f5528f65c0fb683b0371500ec32897cf7487a25b9373fab7',
  runtimeOS: 'HarmonyOS',
  sdkInfo: 'false:22:6.0.2.130:Release',
  aceModuleRoot: 'D:\\ziliao\\opensourcesoftware\\test\\test2\\PlayShortVideosBasedOnVideoComponent-master\\entry\\src\\main\\ets',
  compileMode: 'esmodule',
  aceSuperVisualPath: 'D:\\ziliao\\opensourcesoftware\\test\\test2\\PlayShortVideosBasedOnVideoComponent-master\\entry\\src\\main\\supervisual',
  aceBuildJson: 'D:\\ziliao\\opensourcesoftware\\test\\test2\\PlayShortVideosBasedOnVideoComponent-master\\entry\\build\\default\\intermediates\\loader\\default\\loader.json',
  cachePath: 'D:\\ziliao\\opensourcesoftware\\test\\test2\\PlayShortVideosBasedOnVideoComponent-master\\entry\\build\\default\\cache\\default\\default@CompileArkTS\\esmodule\\debug',
  aceModuleBuild: 'D:\\ziliao\\opensourcesoftware\\test\\test2\\PlayShortVideosBasedOnVideoComponent-master\\entry\\build\\default\\intermediates\\loader_out\\default\\ets',
  supportChunks: true,
  declaredFilesPath: undefined,
  shouldCollectDirectImportees: false,
  isByteCodeHarOptimize: false,
  expandImportPath: undefined,
  pkgNameToPkgBriefInfo: {
    entry: {
      pkgRoot: 'D:\\ziliao\\opensourcesoftware\\test\\test2\\PlayShortVideosBasedOnVideoComponent-master\\entry',
      originalSourceRoots: undefined,
      sourceRoots: [Array],
      pkgName: 'entry'
    }
  },
  projectModel: {
    'D:\\ziliao\\opensourcesoftware\\test\\test2\\PlayShortVideosBasedOnVideoComponent-master\\entry\\src\\main': {
      moduleName: 'entry',
      modulePkgPath: 'D:\\ziliao\\opensourcesoftware\\test\\test2\\PlayShortVideosBasedOnVideoComponent-master\\entry',
      belongProjectPath: 'D:\\ziliao\\opensourcesoftware\\test\\test2\\PlayShortVideosBasedOnVideoComponent-master'
    },
    'D:\\ziliao\\opensourcesoftware\\test\\test2\\PlayShortVideosBasedOnVideoComponent-master\\entry\\.test\\default\\intermediates\\src\\ohosTest\\ets': {
      moduleName: 'entry',
      modulePkgPath: 'D:\\ziliao\\opensourcesoftware\\test\\test2\\PlayShortVideosBasedOnVideoComponent-master\\entry',
      belongProjectPath: 'D:\\ziliao\\opensourcesoftware\\test\\test2\\PlayShortVideosBasedOnVideoComponent-master'
    },
    'D:\\ziliao\\opensourcesoftware\\test\\test2\\PlayShortVideosBasedOnVideoComponent-master\\entry\\src\\ohosTest': {
      moduleName: 'entry',
      modulePkgPath: 'D:\\ziliao\\opensourcesoftware\\test\\test2\\PlayShortVideosBasedOnVideoComponent-master\\entry',
      belongProjectPath: 'D:\\ziliao\\opensourcesoftware\\test\\test2\\PlayShortVideosBasedOnVideoComponent-master'
    },
    'D:\\ziliao\\opensourcesoftware\\test\\test2\\PlayShortVideosBasedOnVideoComponent-master\\entry': {
      moduleName: 'entry',
      modulePkgPath: 'D:\\ziliao\\opensourcesoftware\\test\\test2\\PlayShortVideosBasedOnVideoComponent-master\\entry',
      belongProjectPath: 'D:\\ziliao\\opensourcesoftware\\test\\test2\\PlayShortVideosBasedOnVideoComponent-master'
    },
    'D:\\ziliao\\opensourcesoftware\\test\\test2\\PlayShortVideosBasedOnVideoComponent-master': {
      moduleName: 'PlayShortVideosBasedOnVideoComponent-master',
      modulePkgPath: 'D:\\ziliao\\opensourcesoftware\\test\\test2\\PlayShortVideosBasedOnVideoComponent-master',
      belongProjectPath: 'D:\\ziliao\\opensourcesoftware\\test\\test2\\PlayShortVideosBasedOnVideoComponent-master'
    }
  },
  pkgJsonFileHash: '33091e094eb299ab7e307c4afe0348ddbaa3b7f47828b8a8be9c1a88165787ba',
  allModulePaths: [
    'D:\\ziliao\\opensourcesoftware\\test\\test2\\PlayShortVideosBasedOnVideoComponent-master\\entry'
  ],
  routerMap: {},
  obfuscationOptions: undefined,
  byteCodeHarToDependencyKeys: undefined,
  compileBlockPkg: [],
  mockParams: {
    decorator: '@MockSetup',
    packageName: '@ohos/hamock',
    etsSourceRootPath: 'src/main/ets',
    mockConfigPath: undefined,
    mockConfigKey2ModuleInfo: {},
    source2ModuleIdMap: {}
  },
  copyCodeResourceEnable: false,
  copyCodeResourceExcludes: [],
  copyCodeResourceIncludes: undefined,
  uiTransformOptimization: false,
  sdkPath: 'D:/DevEco Studio/sdk',
  needPreloadSoFileSet: {},
  preloadSoFilePath: 'D:\\ziliao\\opensourcesoftware\\test\\test2\\PlayShortVideosBasedOnVideoComponent-master\\entry\\build\\default\\intermediates\\preload\\default\\preload.json',
  useSourceHash: false,
  localModuleParamMap: {},
  otherPaths: {
    'entry/*': [
      '..\\*',
      '..\\..\\..\\build\\default\\generated\\profile\\default\\*'
    ]
  },
  collectImportersConfig: undefined
}
[2026-05-12T17:08:43.220] [DEBUG] debug-file - Compile arkts with external api path: D:\DevEco Studio\sdk\default\hms\ets
[2026-05-12T17:08:43.222] [DEBUG] debug-file - default@CompileArkTS work[0] is submitted.
[2026-05-12T17:08:43.222] [DEBUG] debug-file - default@CompileArkTS work[0] is pushed to ready queue.
[2026-05-12T17:08:43.223] [DEBUG] debug-file - A work dispatched to worker[31] failed because unable to get work from ready queue.
[2026-05-12T17:08:43.223] [DEBUG] debug-file - A work dispatched to worker[30] failed because unable to get work from ready queue.
[2026-05-12T17:08:43.223] [DEBUG] debug-file - A work dispatched to worker[29] failed because unable to get work from ready queue.
[2026-05-12T17:08:43.223] [DEBUG] debug-file - A work dispatched to worker[28] failed because unable to get work from ready queue.
[2026-05-12T17:08:43.223] [DEBUG] debug-file - A work dispatched to worker[27] failed because unable to get work from ready queue.
[2026-05-12T17:08:43.223] [DEBUG] debug-file - A work dispatched to worker[26] failed because unable to get work from ready queue.
[2026-05-12T17:08:43.223] [DEBUG] debug-file - A work dispatched to worker[25] failed because unable to get work from ready queue.
[2026-05-12T17:08:43.223] [DEBUG] debug-file - A work dispatched to worker[24] failed because unable to get work from ready queue.
[2026-05-12T17:08:43.223] [DEBUG] debug-file - A work dispatched to worker[23] failed because unable to get work from ready queue.
[2026-05-12T17:08:43.223] [DEBUG] debug-file - A work dispatched to worker[22] failed because unable to get work from ready queue.
[2026-05-12T17:08:43.223] [DEBUG] debug-file - A work dispatched to worker[21] failed because unable to get work from ready queue.
[2026-05-12T17:08:43.223] [DEBUG] debug-file - A work dispatched to worker[20] failed because unable to get work from ready queue.
[2026-05-12T17:08:43.223] [DEBUG] debug-file - A work dispatched to worker[19] failed because unable to get work from ready queue.
[2026-05-12T17:08:43.223] [DEBUG] debug-file - A work dispatched to worker[18] failed because unable to get work from ready queue.
[2026-05-12T17:08:43.223] [DEBUG] debug-file - A work dispatched to worker[17] failed because unable to get work from ready queue.
[2026-05-12T17:08:43.224] [DEBUG] debug-file - A work dispatched to worker[16] failed because unable to get work from ready queue.
[2026-05-12T17:08:43.224] [DEBUG] debug-file - A work dispatched to worker[15] failed because unable to get work from ready queue.
[2026-05-12T17:08:43.224] [DEBUG] debug-file - A work dispatched to worker[14] failed because unable to get work from ready queue.
[2026-05-12T17:08:43.224] [DEBUG] debug-file - A work dispatched to worker[13] failed because unable to get work from ready queue.
[2026-05-12T17:08:43.224] [DEBUG] debug-file - A work dispatched to worker[12] failed because unable to get work from ready queue.
[2026-05-12T17:08:43.224] [DEBUG] debug-file - A work dispatched to worker[11] failed because unable to get work from ready queue.
[2026-05-12T17:08:43.224] [DEBUG] debug-file - A work dispatched to worker[10] failed because unable to get work from ready queue.
[2026-05-12T17:08:43.224] [DEBUG] debug-file - A work dispatched to worker[9] failed because unable to get work from ready queue.
[2026-05-12T17:08:43.224] [DEBUG] debug-file - A work dispatched to worker[8] failed because unable to get work from ready queue.
[2026-05-12T17:08:43.224] [DEBUG] debug-file - A work dispatched to worker[7] failed because unable to get work from ready queue.
[2026-05-12T17:08:43.224] [DEBUG] debug-file - A work dispatched to worker[6] failed because unable to get work from ready queue.
[2026-05-12T17:08:43.224] [DEBUG] debug-file - A work dispatched to worker[5] failed because unable to get work from ready queue.
[2026-05-12T17:08:43.224] [DEBUG] debug-file - Create  resident worker with id: 4.
[2026-05-12T17:08:43.226] [DEBUG] debug-file - default@CompileArkTS work[0] has been dispatched to worker[4].
[2026-05-12T17:08:43.226] [DEBUG] debug-file - default@CompileArkTS work[0] is dispatched.
[2026-05-12T17:08:43.226] [DEBUG] debug-file - entry : default@CompileArkTS cost memory 1.72943115234375
[2026-05-12T17:08:43.229] [DEBUG] debug-file - Executing task :entry:default@BuildJS
[2026-05-12T17:08:43.230] [DEBUG] debug-file - Task 'entry:default@BuildJS' cost while wrapping incremental declarations: 1 ms 
[2026-05-12T17:08:43.233] [DEBUG] debug-file - entry : default@BuildJS cost memory 0.18531036376953125
[2026-05-12T17:08:43.233] [DEBUG] debug-file - runTaskFromQueue task cost before running: 5 s 402 ms 
[2026-05-12T17:08:43.233] [INFO] debug-file - Finished :entry:default@BuildJS... after 4 ms 
[2026-05-12T17:08:43.235] [DEBUG] debug-file - Executing task :entry:default@CacheNativeLibs
[2026-05-12T17:08:43.235] [DEBUG] debug-file - Task 'entry:default@CacheNativeLibs' cost while wrapping incremental declarations: 1 ms 
[2026-05-12T17:08:43.236] [DEBUG] debug-file - entry:default@CacheNativeLibs is not up-to-date, since the input file 'D:\ziliao\opensourcesoftware\test\test2\PlayShortVideosBasedOnVideoComponent-master\entry\build\default\intermediates\stripped_native_libs\default' has been changed.
[2026-05-12T17:08:43.236] [DEBUG] debug-file - Incremental task entry:default@CacheNativeLibs pre-execution cost: 1 ms .
[2026-05-12T17:08:43.237] [DEBUG] debug-file - default@CacheNativeLibs work[1] is submitted.
[2026-05-12T17:08:43.237] [DEBUG] debug-file - default@CacheNativeLibs work[1] is pushed to ready queue.
[2026-05-12T17:08:43.237] [DEBUG] debug-file - A work dispatched to worker[31] failed because unable to get work from ready queue.
[2026-05-12T17:08:43.237] [DEBUG] debug-file - Create  resident worker with id: 30.
[2026-05-12T17:08:43.239] [DEBUG] debug-file - default@CacheNativeLibs work[1] has been dispatched to worker[30].
[2026-05-12T17:08:43.239] [DEBUG] debug-file - default@CacheNativeLibs work[1] is dispatched.
[2026-05-12T17:08:43.239] [DEBUG] debug-file - entry : default@CacheNativeLibs cost memory 0.3331298828125
[2026-05-12T17:08:44.578] [DEBUG] debug-file - worker[30] has one work done.
[2026-05-12T17:08:44.578] [DEBUG] debug-file - default@CacheNativeLibs work[1] done.
[2026-05-12T17:08:44.579] [DEBUG] debug-file - A work dispatched to worker[30] failed because unable to get work from ready queue.
[2026-05-12T17:08:44.579] [INFO] debug-file - Finished :entry:default@CacheNativeLibs... after 13 ms 
[2026-05-12T17:08:53.464] [DEBUG] debug-file - worker[4] has one work done.
[2026-05-12T17:08:53.465] [DEBUG] debug-file - Ark compile task finished.finished time is 405261946300
[2026-05-12T17:08:53.466] [DEBUG] debug-file - default@CompileArkTS work[0] done.
[2026-05-12T17:08:53.467] [DEBUG] debug-file - A work dispatched to worker[4] failed because unable to get work from ready queue.
[2026-05-12T17:08:53.468] [INFO] debug-file - Finished :entry:default@CompileArkTS... after 7 s 324 ms 
[2026-05-12T17:08:53.470] [DEBUG] debug-file - Executing task :entry:default@GeneratePkgModuleJson
[2026-05-12T17:08:53.470] [DEBUG] debug-file - File: 'D:\ziliao\opensourcesoftware\test\test2\PlayShortVideosBasedOnVideoComponent-master\entry\build\default\intermediates\preload\default\preload.json' from 'preloadSoJsonPath' is not exists, just ignore.
[2026-05-12T17:08:53.471] [DEBUG] debug-file - Error occurs while handling @Input 'shouldDeduplicateHar': The "data" argument must be of type string or an instance of Buffer, TypedArray, or DataView. Received undefined
[2026-05-12T17:08:53.471] [DEBUG] debug-file - Task 'entry:default@GeneratePkgModuleJson' cost while wrapping incremental declarations: 2 ms 
[2026-05-12T17:08:53.472] [DEBUG] debug-file - entry:default@GeneratePkgModuleJson is not up-to-date, since the input file 'D:\ziliao\opensourcesoftware\test\test2\PlayShortVideosBasedOnVideoComponent-master\entry\build\default\intermediates\res\default\module.json' has been changed.
[2026-05-12T17:08:53.472] [DEBUG] debug-file - Incremental task entry:default@GeneratePkgModuleJson pre-execution cost: 1 ms .
[2026-05-12T17:08:53.474] [DEBUG] debug-file - entry : default@GeneratePkgModuleJson cost memory 0.20545196533203125
[2026-05-12T17:08:53.474] [DEBUG] debug-file - runTaskFromQueue task cost before running: 15 s 644 ms 
[2026-05-12T17:08:53.475] [INFO] debug-file - Finished :entry:default@GeneratePkgModuleJson... after 5 ms 
[2026-05-12T17:08:53.476] [DEBUG] debug-file - Executing task :entry:default@ProcessCompiledResources
[2026-05-12T17:08:53.476] [DEBUG] debug-file - File: 'D:\ziliao\opensourcesoftware\test\test2\PlayShortVideosBasedOnVideoComponent-master\entry\build\default\intermediates\preload\default\preload.json' from 'preloadSoJsonPath' is not exists, just ignore.
[2026-05-12T17:08:53.476] [DEBUG] debug-file - Task 'entry:default@ProcessCompiledResources' cost while wrapping incremental declarations: 1 ms 
[2026-05-12T17:08:53.477] [DEBUG] debug-file - entry : default@ProcessCompiledResources cost memory 0.06342315673828125
[2026-05-12T17:08:53.477] [DEBUG] debug-file - runTaskFromQueue task cost before running: 15 s 646 ms 
[2026-05-12T17:08:53.477] [INFO] debug-file - Finished :entry:default@ProcessCompiledResources... after 2 ms 
[2026-05-12T17:08:53.480] [DEBUG] debug-file - Executing task :entry:default@PackageHap
[2026-05-12T17:08:53.484] [DEBUG] debug-file - entry:default@PackageHap is not up-to-date, since the input file 'D:\ziliao\opensourcesoftware\test\test2\PlayShortVideosBasedOnVideoComponent-master\entry\build\default\intermediates\stripped_native_libs\default' has been changed.
[2026-05-12T17:08:53.484] [DEBUG] debug-file - Incremental task entry:default@PackageHap pre-execution cost: 3 ms .
[2026-05-12T17:08:53.486] [DEBUG] debug-file - Use tool [D:\DevEco Studio\sdk\default\openharmony\toolchains\lib\app_packing_tool.jar]
 [
  'java',
  '-Dfile.encoding=GBK',
  '-jar',
  'D:\\DevEco Studio\\sdk\\default\\openharmony\\toolchains\\lib\\app_packing_tool.jar',
  '--mode',
  'hap',
  '--force',
  'true',
  '--lib-path',
  'D:\\ziliao\\opensourcesoftware\\test\\test2\\PlayShortVideosBasedOnVideoComponent-master\\entry\\build\\default\\intermediates\\stripped_native_libs\\default',
  '--json-path',
  'D:\\ziliao\\opensourcesoftware\\test\\test2\\PlayShortVideosBasedOnVideoComponent-master\\entry\\build\\default\\intermediates\\package\\default\\module.json',
  '--resources-path',
  'D:\\ziliao\\opensourcesoftware\\test\\test2\\PlayShortVideosBasedOnVideoComponent-master\\entry\\build\\default\\intermediates\\res\\default\\resources',
  '--index-path',
  'D:\\ziliao\\opensourcesoftware\\test\\test2\\PlayShortVideosBasedOnVideoComponent-master\\entry\\build\\default\\intermediates\\res\\default\\resources.index',
  '--pack-info-path',
  'D:\\ziliao\\opensourcesoftware\\test\\test2\\PlayShortVideosBasedOnVideoComponent-master\\entry\\build\\default\\outputs\\default\\pack.info',
  '--out-path',
  'D:\\ziliao\\opensourcesoftware\\test\\test2\\PlayShortVideosBasedOnVideoComponent-master\\entry\\build\\default\\outputs\\default\\entry-default-unsigned.hap',
  '--ets-path',
  'D:\\ziliao\\opensourcesoftware\\test\\test2\\PlayShortVideosBasedOnVideoComponent-master\\entry\\build\\default\\intermediates\\loader_out\\default\\ets',
  '--pkg-context-path',
  'D:\\ziliao\\opensourcesoftware\\test\\test2\\PlayShortVideosBasedOnVideoComponent-master\\entry\\build\\default\\intermediates\\loader\\default\\pkgContextInfo.json'
]
[2026-05-12T17:08:54.056] [DEBUG] debug-file - java daemon socket received message:{"code":0,"message":"pack success"}
[2026-05-12T17:08:54.062] [DEBUG] debug-file - entry : default@PackageHap cost memory 0.6457366943359375
[2026-05-12T17:08:54.062] [DEBUG] debug-file - runTaskFromQueue task cost before running: 16 s 231 ms 
[2026-05-12T17:08:54.063] [INFO] debug-file - Finished :entry:default@PackageHap... after 583 ms 
[2026-05-12T17:08:54.066] [DEBUG] debug-file - Executing task :entry:default@PackingCheck
[2026-05-12T17:08:54.078] [DEBUG] debug-file - entry : default@PackingCheck cost memory 0.658111572265625
[2026-05-12T17:08:54.078] [DEBUG] debug-file - runTaskFromQueue task cost before running: 16 s 247 ms 
[2026-05-12T17:08:54.078] [INFO] debug-file - Finished :entry:default@PackingCheck... after 12 ms 
[2026-05-12T17:08:54.080] [DEBUG] debug-file - Executing task :entry:default@SignHap
[2026-05-12T17:08:54.081] [WARN] debug-file - Will skip sign 'hos_hap'. No signingConfigs profile is configured in current project.
             If needed, configure the signingConfigs in D:\ziliao\opensourcesoftware\test\test2\PlayShortVideosBasedOnVideoComponent-master\build-profile.json5.
[2026-05-12T17:08:54.082] [DEBUG] debug-file - entry:default@SignHap is not up-to-date, since the input file 'D:\ziliao\opensourcesoftware\test\test2\PlayShortVideosBasedOnVideoComponent-master\entry\build\default\outputs\default\entry-default-unsigned.hap' has been changed.
[2026-05-12T17:08:54.082] [DEBUG] debug-file - Incremental task entry:default@SignHap pre-execution cost: 1 ms .
[2026-05-12T17:08:54.083] [DEBUG] debug-file - entry : default@SignHap cost memory 0.1049957275390625
[2026-05-12T17:08:54.083] [DEBUG] debug-file - runTaskFromQueue task cost before running: 16 s 253 ms 
[2026-05-12T17:08:54.084] [INFO] debug-file - Finished :entry:default@SignHap... after 4 ms 
[2026-05-12T17:08:54.086] [DEBUG] debug-file - Executing task :entry:default@CollectDebugSymbol
[2026-05-12T17:08:54.087] [DEBUG] debug-file - entry : default@CollectDebugSymbol cost memory 0.1124420166015625
[2026-05-12T17:08:54.088] [DEBUG] debug-file - runTaskFromQueue task cost before running: 16 s 257 ms 
[2026-05-12T17:08:54.088] [INFO] debug-file - Finished :entry:default@CollectDebugSymbol... after 2 ms 
[2026-05-12T17:08:54.088] [DEBUG] debug-file - Executing task :entry:assembleHap
[2026-05-12T17:08:54.089] [DEBUG] debug-file - entry : assembleHap cost memory 0.0128326416015625
[2026-05-12T17:08:54.089] [DEBUG] debug-file - runTaskFromQueue task cost before running: 16 s 258 ms 
[2026-05-12T17:08:54.089] [INFO] debug-file - Finished :entry:assembleHap... after 1 ms 
[2026-05-12T17:08:54.099] [INFO] debug-file - BUILD SUCCESSFUL in 16 s 268 ms 
[2026-05-12T17:08:54.101] [DEBUG] debug-file - Update task entry:default@PreBuild input file:D:\ziliao\opensourcesoftware\test\test2\PlayShortVideosBasedOnVideoComponent-master\AppScope\app.json5 cache from map.
[2026-05-12T17:08:54.102] [DEBUG] debug-file - Update task entry:default@PreBuild input file:D:\ziliao\opensourcesoftware\test\test2\PlayShortVideosBasedOnVideoComponent-master\entry\src\main\module.json5 cache by regenerate.
[2026-05-12T17:08:54.102] [DEBUG] debug-file - Update task entry:default@PreBuild input file:D:\ziliao\opensourcesoftware\test\test2\PlayShortVideosBasedOnVideoComponent-master\build-profile.json5 cache by regenerate.
[2026-05-12T17:08:54.102] [DEBUG] debug-file - Update task entry:default@PreBuild input file:D:\ziliao\opensourcesoftware\test\test2\PlayShortVideosBasedOnVideoComponent-master\entry\build-profile.json5 cache by regenerate.
[2026-05-12T17:08:54.102] [DEBUG] debug-file - Update task entry:default@PreBuild input file:D:\ziliao\opensourcesoftware\test\test2\PlayShortVideosBasedOnVideoComponent-master\entry\src\main\resources\base\profile\main_pages.json cache by regenerate.
[2026-05-12T17:08:54.103] [DEBUG] debug-file - Update task entry:default@PreBuild input file:D:\ziliao\opensourcesoftware\test\test2\PlayShortVideosBasedOnVideoComponent-master\hvigor\hvigor-config.json5 cache by regenerate.
[2026-05-12T17:08:54.103] [DEBUG] debug-file - Update task entry:default@PreBuild input file:D:\ziliao\opensourcesoftware\test\test2\PlayShortVideosBasedOnVideoComponent-master\entry\oh-package.json5 cache by regenerate.
[2026-05-12T17:08:54.103] [DEBUG] debug-file - Update task entry:default@PreBuild input file:D:\ziliao\opensourcesoftware\test\test2\PlayShortVideosBasedOnVideoComponent-master\oh-package.json5 cache by regenerate.
[2026-05-12T17:08:54.104] [DEBUG] debug-file - Incremental task entry:default@PreBuild post-execution cost:4 ms .
[2026-05-12T17:08:54.104] [DEBUG] debug-file - Update task entry:default@CreateModuleInfo output file:D:\ziliao\opensourcesoftware\test\test2\PlayShortVideosBasedOnVideoComponent-master\entry\build\default\generated\profile\default\ModuleInfo.ts cache.
[2026-05-12T17:08:54.105] [DEBUG] debug-file - Incremental task entry:default@CreateModuleInfo post-execution cost:1 ms .
[2026-05-12T17:08:54.105] [DEBUG] debug-file - Update task entry:default@GenerateMetadata input file:D:\ziliao\opensourcesoftware\test\test2\PlayShortVideosBasedOnVideoComponent-master\entry\src\main\module.json5 cache from map.
[2026-05-12T17:08:54.105] [DEBUG] debug-file - Update task entry:default@GenerateMetadata output file:D:\ziliao\opensourcesoftware\test\test2\PlayShortVideosBasedOnVideoComponent-master\entry\build\default\intermediates\hap_metadata\default\output_metadata.json cache.
[2026-05-12T17:08:54.105] [DEBUG] debug-file - Incremental task entry:default@GenerateMetadata post-execution cost:1 ms .
[2026-05-12T17:08:54.106] [DEBUG] debug-file - Update task entry:default@MergeProfile input file:D:\ziliao\opensourcesoftware\test\test2\PlayShortVideosBasedOnVideoComponent-master\AppScope\app.json5 cache from map.
[2026-05-12T17:08:54.106] [DEBUG] debug-file - Update task entry:default@MergeProfile input file:D:\ziliao\opensourcesoftware\test\test2\PlayShortVideosBasedOnVideoComponent-master\build-profile.json5 cache by regenerate.
[2026-05-12T17:08:54.106] [DEBUG] debug-file - Update task entry:default@MergeProfile input file:D:\ziliao\opensourcesoftware\test\test2\PlayShortVideosBasedOnVideoComponent-master\entry\src\main\module.json5 cache by regenerate.
[2026-05-12T17:08:54.106] [DEBUG] debug-file - Update task entry:default@MergeProfile output file:D:\ziliao\opensourcesoftware\test\test2\PlayShortVideosBasedOnVideoComponent-master\entry\build\default\intermediates\merge_profile\default\module.json cache.
[2026-05-12T17:08:54.107] [DEBUG] debug-file - Incremental task entry:default@MergeProfile post-execution cost:2 ms .
[2026-05-12T17:08:54.107] [DEBUG] debug-file - Update task entry:default@CreateBuildProfile input file:D:\ziliao\opensourcesoftware\test\test2\PlayShortVideosBasedOnVideoComponent-master\AppScope\app.json5 cache from map.
[2026-05-12T17:08:54.107] [DEBUG] debug-file - Update task entry:default@CreateBuildProfile input file:D:\ziliao\opensourcesoftware\test\test2\PlayShortVideosBasedOnVideoComponent-master\build-profile.json5 cache by regenerate.
[2026-05-12T17:08:54.107] [DEBUG] debug-file - Update task entry:default@CreateBuildProfile output file:D:\ziliao\opensourcesoftware\test\test2\PlayShortVideosBasedOnVideoComponent-master\entry\build\default\generated\profile\default\BuildProfile.ets cache.
[2026-05-12T17:08:54.107] [DEBUG] debug-file - Incremental task entry:default@CreateBuildProfile post-execution cost:1 ms .
[2026-05-12T17:08:54.108] [DEBUG] debug-file - Update task entry:default@GeneratePkgContextInfo output file:D:\ziliao\opensourcesoftware\test\test2\PlayShortVideosBasedOnVideoComponent-master\entry\build\default\intermediates\loader\default\pkgContextInfo.json cache.
[2026-05-12T17:08:54.108] [DEBUG] debug-file - Incremental task entry:default@GeneratePkgContextInfo post-execution cost:1 ms .
[2026-05-12T17:08:54.108] [DEBUG] debug-file - Update task entry:default@ProcessIntegratedHsp output file:D:\ziliao\opensourcesoftware\test\test2\PlayShortVideosBasedOnVideoComponent-master\build\cache\default\integrated_hsp\integratedHspCache.json cache.
[2026-05-12T17:08:54.108] [DEBUG] debug-file - Incremental task entry:default@ProcessIntegratedHsp post-execution cost:1 ms .
[2026-05-12T17:08:54.109] [DEBUG] debug-file - Update task entry:default@MakePackInfo input file:D:\ziliao\opensourcesoftware\test\test2\PlayShortVideosBasedOnVideoComponent-master\AppScope\app.json5 cache from map.
[2026-05-12T17:08:54.109] [DEBUG] debug-file - Update task entry:default@MakePackInfo input file:D:\ziliao\opensourcesoftware\test\test2\PlayShortVideosBasedOnVideoComponent-master\entry\src\main\module.json5 cache by regenerate.
[2026-05-12T17:08:54.109] [DEBUG] debug-file - Update task entry:default@MakePackInfo input file:D:\ziliao\opensourcesoftware\test\test2\PlayShortVideosBasedOnVideoComponent-master\build-profile.json5 cache by regenerate.
[2026-05-12T17:08:54.110] [DEBUG] debug-file - Update task entry:default@MakePackInfo input file:D:\ziliao\opensourcesoftware\test\test2\PlayShortVideosBasedOnVideoComponent-master\entry\src\main\resources\base\profile\backup_config.json cache by regenerate.
[2026-05-12T17:08:54.110] [DEBUG] debug-file - Update task entry:default@MakePackInfo output file:D:\ziliao\opensourcesoftware\test\test2\PlayShortVideosBasedOnVideoComponent-master\entry\build\default\outputs\default\pack.info cache.
[2026-05-12T17:08:54.110] [DEBUG] debug-file - Incremental task entry:default@MakePackInfo post-execution cost:3 ms .
[2026-05-12T17:08:54.111] [DEBUG] debug-file - Update task entry:default@SyscapTransform input file:D:\DevEco Studio\sdk\default\openharmony\toolchains\syscap_tool.exe cache by regenerate.
[2026-05-12T17:08:54.111] [DEBUG] debug-file - Update task entry:default@SyscapTransform input file:D:\DevEco Studio\sdk\default\openharmony\ets\api\device-define cache by regenerate.
[2026-05-12T17:08:54.112] [DEBUG] debug-file - Update task entry:default@SyscapTransform output file:D:\ziliao\opensourcesoftware\test\test2\PlayShortVideosBasedOnVideoComponent-master\entry\build\default\intermediates\syscap\default\rpcid.sc cache.
[2026-05-12T17:08:54.112] [DEBUG] debug-file - Incremental task entry:default@SyscapTransform post-execution cost:2 ms .
[2026-05-12T17:08:54.112] [DEBUG] debug-file - Update task entry:default@ProcessProfile input file:D:\ziliao\opensourcesoftware\test\test2\PlayShortVideosBasedOnVideoComponent-master\entry\build\default\intermediates\merge_profile\default\module.json cache from map.
[2026-05-12T17:08:54.112] [DEBUG] debug-file - Update task entry:default@ProcessProfile output file:D:\ziliao\opensourcesoftware\test\test2\PlayShortVideosBasedOnVideoComponent-master\entry\build\default\intermediates\process_profile\default\module.json cache.
[2026-05-12T17:08:54.113] [DEBUG] debug-file - Incremental task entry:default@ProcessProfile post-execution cost:1 ms .
[2026-05-12T17:08:54.113] [DEBUG] debug-file - Update task entry:default@ProcessRouterMap input file:D:\ziliao\opensourcesoftware\test\test2\PlayShortVideosBasedOnVideoComponent-master\entry\oh-package.json5 cache from map.
[2026-05-12T17:08:54.113] [DEBUG] debug-file - Update task entry:default@ProcessRouterMap input file:D:\ziliao\opensourcesoftware\test\test2\PlayShortVideosBasedOnVideoComponent-master\oh-package.json5 cache by regenerate.
[2026-05-12T17:08:54.114] [DEBUG] debug-file - Update task entry:default@ProcessRouterMap input file:D:\ziliao\opensourcesoftware\test\test2\PlayShortVideosBasedOnVideoComponent-master\entry\src\main\module.json5 cache by regenerate.
[2026-05-12T17:08:54.114] [DEBUG] debug-file - Update task entry:default@ProcessRouterMap input file:D:\ziliao\opensourcesoftware\test\test2\PlayShortVideosBasedOnVideoComponent-master\entry\build\default\intermediates\loader\default\pkgContextInfo.json cache by regenerate.
[2026-05-12T17:08:54.114] [DEBUG] debug-file - Update task entry:default@ProcessRouterMap output file:D:\ziliao\opensourcesoftware\test\test2\PlayShortVideosBasedOnVideoComponent-master\entry\build\default\intermediates\router_map\default\temp-router-map.json cache.
[2026-05-12T17:08:54.115] [DEBUG] debug-file - Update task entry:default@ProcessRouterMap output file:D:\ziliao\opensourcesoftware\test\test2\PlayShortVideosBasedOnVideoComponent-master\entry\build\default\intermediates\router_map\default\loader-router-map.json cache.
[2026-05-12T17:08:54.115] [DEBUG] debug-file - Incremental task entry:default@ProcessRouterMap post-execution cost:3 ms .
[2026-05-12T17:08:54.116] [DEBUG] debug-file - Update task entry:default@ProcessShareConfig input file:D:\ziliao\opensourcesoftware\test\test2\PlayShortVideosBasedOnVideoComponent-master\entry\oh-package.json5 cache from map.
[2026-05-12T17:08:54.116] [DEBUG] debug-file - Update task entry:default@ProcessShareConfig input file:D:\ziliao\opensourcesoftware\test\test2\PlayShortVideosBasedOnVideoComponent-master\oh-package.json5 cache by regenerate.
[2026-05-12T17:08:54.116] [DEBUG] debug-file - Update task entry:default@ProcessShareConfig input file:D:\ziliao\opensourcesoftware\test\test2\PlayShortVideosBasedOnVideoComponent-master\entry\src\main\module.json5 cache by regenerate.
[2026-05-12T17:08:54.117] [DEBUG] debug-file - Update task entry:default@ProcessShareConfig input file:D:\ziliao\opensourcesoftware\test\test2\PlayShortVideosBasedOnVideoComponent-master\entry\build\default\intermediates\loader\default\pkgContextInfo.json cache by regenerate.
[2026-05-12T17:08:54.117] [DEBUG] debug-file - Update task entry:default@ProcessShareConfig output file:D:\ziliao\opensourcesoftware\test\test2\PlayShortVideosBasedOnVideoComponent-master\entry\build\default\intermediates\share_config\default\temp-share-config.json cache.
[2026-05-12T17:08:54.117] [DEBUG] debug-file - Incremental task entry:default@ProcessShareConfig post-execution cost:2 ms .
[2026-05-12T17:08:54.118] [DEBUG] debug-file - Update task entry:default@ProcessStartupConfig input file:D:\ziliao\opensourcesoftware\test\test2\PlayShortVideosBasedOnVideoComponent-master\entry\build\default\intermediates\loader\default\pkgContextInfo.json cache from map.
[2026-05-12T17:08:54.118] [DEBUG] debug-file - Update task entry:default@ProcessStartupConfig output file:D:\ziliao\opensourcesoftware\test\test2\PlayShortVideosBasedOnVideoComponent-master\entry\build\default\intermediates\startup\default\startup_config.json cache.
[2026-05-12T17:08:54.118] [DEBUG] debug-file - Incremental task entry:default@ProcessStartupConfig post-execution cost:1 ms .
[2026-05-12T17:08:54.118] [DEBUG] debug-file - Update task entry:default@ProcessResource output file:D:\ziliao\opensourcesoftware\test\test2\PlayShortVideosBasedOnVideoComponent-master\entry\build\default\intermediates\res\default\resConfig.json cache.
[2026-05-12T17:08:54.119] [DEBUG] debug-file - Update task entry:default@ProcessResource output file:D:\ziliao\opensourcesoftware\test\test2\PlayShortVideosBasedOnVideoComponent-master\entry\build\default\intermediates\res\default\opt-compression.json cache.
[2026-05-12T17:08:54.119] [DEBUG] debug-file - Incremental task entry:default@ProcessResource post-execution cost:1 ms .
[2026-05-12T17:08:54.120] [DEBUG] debug-file - Update task entry:default@GenerateLoaderJson input file:D:\ziliao\opensourcesoftware\test\test2\PlayShortVideosBasedOnVideoComponent-master\entry\build\default\intermediates\loader\default\pkgContextInfo.json cache from map.
[2026-05-12T17:08:54.120] [DEBUG] debug-file - Update task entry:default@GenerateLoaderJson input file:D:\ziliao\opensourcesoftware\test\test2\PlayShortVideosBasedOnVideoComponent-master\entry\build\default\intermediates\router_map\default\temp-router-map.json cache by regenerate.
[2026-05-12T17:08:54.121] [DEBUG] debug-file - Update task entry:default@GenerateLoaderJson output file:D:\ziliao\opensourcesoftware\test\test2\PlayShortVideosBasedOnVideoComponent-master\entry\build\default\intermediates\loader\default\loader.json cache.
[2026-05-12T17:08:54.121] [DEBUG] debug-file - Incremental task entry:default@GenerateLoaderJson post-execution cost:2 ms .
[2026-05-12T17:08:54.121] [DEBUG] debug-file - Update task entry:default@ProcessLibs input file:D:\ziliao\opensourcesoftware\test\test2\PlayShortVideosBasedOnVideoComponent-master\build-profile.json5 cache from map.
[2026-05-12T17:08:54.122] [DEBUG] debug-file - Update task entry:default@ProcessLibs input file:D:\ziliao\opensourcesoftware\test\test2\PlayShortVideosBasedOnVideoComponent-master\entry\build-profile.json5 cache by regenerate.
[2026-05-12T17:08:54.122] [DEBUG] debug-file - Update task entry:default@ProcessLibs output file:D:\ziliao\opensourcesoftware\test\test2\PlayShortVideosBasedOnVideoComponent-master\entry\build\default\intermediates\libs\default cache.
[2026-05-12T17:08:54.122] [DEBUG] debug-file - Incremental task entry:default@ProcessLibs post-execution cost:2 ms .
[2026-05-12T17:08:54.123] [DEBUG] debug-file - Update task entry:default@CompileResource input file:D:\ziliao\opensourcesoftware\test\test2\PlayShortVideosBasedOnVideoComponent-master\entry\src\main\resources cache from map.
[2026-05-12T17:08:54.123] [DEBUG] debug-file - Update task entry:default@CompileResource input file:D:\ziliao\opensourcesoftware\test\test2\PlayShortVideosBasedOnVideoComponent-master\AppScope\resources cache by regenerate.
[2026-05-12T17:08:54.125] [DEBUG] debug-file - Update task entry:default@CompileResource input file:D:\ziliao\opensourcesoftware\test\test2\PlayShortVideosBasedOnVideoComponent-master\entry\build\default\intermediates\process_profile\default\module.json cache by regenerate.
[2026-05-12T17:08:54.125] [DEBUG] debug-file - Update task entry:default@CompileResource input file:D:\ziliao\opensourcesoftware\test\test2\PlayShortVideosBasedOnVideoComponent-master\entry\build\default\intermediates\res\default\resConfig.json cache by regenerate.
[2026-05-12T17:08:54.126] [DEBUG] debug-file - Update task entry:default@CompileResource output file:D:\ziliao\opensourcesoftware\test\test2\PlayShortVideosBasedOnVideoComponent-master\entry\build\default\intermediates\res\default cache.
[2026-05-12T17:08:54.131] [DEBUG] debug-file - Update task entry:default@CompileResource output file:D:\ziliao\opensourcesoftware\test\test2\PlayShortVideosBasedOnVideoComponent-master\entry\build\default\generated\r\default\ResourceTable.h cache.
[2026-05-12T17:08:54.131] [DEBUG] debug-file - Update task entry:default@CompileResource output file:D:\ziliao\opensourcesoftware\test\test2\PlayShortVideosBasedOnVideoComponent-master\entry\build\default\generated\r\default cache.
[2026-05-12T17:08:54.131] [DEBUG] debug-file - Incremental task entry:default@CompileResource post-execution cost:9 ms .
[2026-05-12T17:08:54.131] [DEBUG] debug-file - Update task entry:default@DoNativeStrip input file:D:\ziliao\opensourcesoftware\test\test2\PlayShortVideosBasedOnVideoComponent-master\entry\build\default\intermediates\libs\default cache from map.
[2026-05-12T17:08:54.132] [DEBUG] debug-file - Update task entry:default@DoNativeStrip output file:D:\ziliao\opensourcesoftware\test\test2\PlayShortVideosBasedOnVideoComponent-master\entry\build\default\intermediates\stripped_native_libs\default cache.
[2026-05-12T17:08:54.132] [DEBUG] debug-file - Incremental task entry:default@DoNativeStrip post-execution cost:1 ms .
[2026-05-12T17:08:54.134] [DEBUG] debug-file - Update task entry:default@CompileArkTS input file:D:\ziliao\opensourcesoftware\test\test2\PlayShortVideosBasedOnVideoComponent-master\entry\build\default\intermediates\loader\default cache from map.
[2026-05-12T17:08:54.134] [DEBUG] debug-file - Update task entry:default@CompileArkTS input file:D:\ziliao\opensourcesoftware\test\test2\PlayShortVideosBasedOnVideoComponent-master\entry\build\default\intermediates\res\default\resources\rawfile cache by regenerate.
[2026-05-12T17:08:54.135] [DEBUG] debug-file - Update task entry:default@CompileArkTS input file:D:\ziliao\opensourcesoftware\test\test2\PlayShortVideosBasedOnVideoComponent-master\entry\build\default\intermediates\res\default\ResourceTable.txt cache by regenerate.
[2026-05-12T17:08:54.135] [DEBUG] debug-file - Update task entry:default@CompileArkTS input file:D:\ziliao\opensourcesoftware\test\test2\PlayShortVideosBasedOnVideoComponent-master\entry\build\default\intermediates\res\default\ark_module.json cache by regenerate.
[2026-05-12T17:08:54.135] [DEBUG] debug-file - Update task entry:default@CompileArkTS input file:D:\ziliao\opensourcesoftware\test\test2\PlayShortVideosBasedOnVideoComponent-master\entry\build\default\intermediates\res\default\resources\base\profile cache by regenerate.
[2026-05-12T17:08:54.136] [DEBUG] debug-file - Update task entry:default@CompileArkTS input file:D:\ziliao\opensourcesoftware\test\test2\PlayShortVideosBasedOnVideoComponent-master\entry\src\main\ets cache by regenerate.
[2026-05-12T17:08:54.139] [DEBUG] debug-file - Update task entry:default@CompileArkTS input file:D:\ziliao\opensourcesoftware\test\test2\PlayShortVideosBasedOnVideoComponent-master\entry\build\default\intermediates\loader\default\pkgContextInfo.json cache by regenerate.
[2026-05-12T17:08:54.139] [DEBUG] debug-file - Update task entry:default@CompileArkTS input file:D:\ziliao\opensourcesoftware\test\test2\PlayShortVideosBasedOnVideoComponent-master\entry\build\default\generated\profile\default\BuildProfile.ets cache by regenerate.
[2026-05-12T17:08:54.139] [DEBUG] debug-file - Update task entry:default@CompileArkTS output file:D:\ziliao\opensourcesoftware\test\test2\PlayShortVideosBasedOnVideoComponent-master\entry\build\default\intermediates\loader_out\default\ets cache.
[2026-05-12T17:08:54.140] [DEBUG] debug-file - Incremental task entry:default@CompileArkTS post-execution cost:8 ms .
[2026-05-12T17:08:54.141] [DEBUG] debug-file - Update task entry:default@BuildJS input file:D:\ziliao\opensourcesoftware\test\test2\PlayShortVideosBasedOnVideoComponent-master\entry\build\default\intermediates\loader\default cache by regenerate.
[2026-05-12T17:08:54.142] [DEBUG] debug-file - Update task entry:default@BuildJS input file:D:\ziliao\opensourcesoftware\test\test2\PlayShortVideosBasedOnVideoComponent-master\entry\build\default\intermediates\res\default\resources\rawfile cache by regenerate.
[2026-05-12T17:08:54.142] [DEBUG] debug-file - Update task entry:default@BuildJS input file:D:\ziliao\opensourcesoftware\test\test2\PlayShortVideosBasedOnVideoComponent-master\entry\build\default\intermediates\res\default\ResourceTable.txt cache by regenerate.
[2026-05-12T17:08:54.143] [DEBUG] debug-file - Update task entry:default@BuildJS input file:D:\ziliao\opensourcesoftware\test\test2\PlayShortVideosBasedOnVideoComponent-master\entry\build\default\intermediates\res\default\ark_module.json cache by regenerate.
[2026-05-12T17:08:54.143] [DEBUG] debug-file - Update task entry:default@BuildJS input file:D:\ziliao\opensourcesoftware\test\test2\PlayShortVideosBasedOnVideoComponent-master\entry\build\default\intermediates\res\default\resources\base\profile cache by regenerate.
[2026-05-12T17:08:54.144] [DEBUG] debug-file - Update task entry:default@BuildJS input file:D:\ziliao\opensourcesoftware\test\test2\PlayShortVideosBasedOnVideoComponent-master\entry\build\default\intermediates\loader\default\pkgContextInfo.json cache by regenerate.
[2026-05-12T17:08:54.144] [DEBUG] debug-file - Update task entry:default@BuildJS output file:D:\ziliao\opensourcesoftware\test\test2\PlayShortVideosBasedOnVideoComponent-master\entry\build\default\intermediates\loader_out\default\js cache.
[2026-05-12T17:08:54.144] [DEBUG] debug-file - Incremental task entry:default@BuildJS post-execution cost:5 ms .
[2026-05-12T17:08:54.144] [DEBUG] debug-file - Update task entry:default@CacheNativeLibs input file:D:\ziliao\opensourcesoftware\test\test2\PlayShortVideosBasedOnVideoComponent-master\entry\build\default\intermediates\stripped_native_libs\default cache from map.
[2026-05-12T17:08:54.145] [DEBUG] debug-file - Update task entry:default@CacheNativeLibs input file:D:\ziliao\opensourcesoftware\test\test2\PlayShortVideosBasedOnVideoComponent-master\entry\build\default\intermediates\libs\default cache by regenerate.
[2026-05-12T17:08:54.145] [DEBUG] debug-file - Update task entry:default@CacheNativeLibs output file:D:\ziliao\opensourcesoftware\test\test2\PlayShortVideosBasedOnVideoComponent-master\entry\build\default\intermediates\patch\default\base_native_libs.json cache.
[2026-05-12T17:08:54.145] [DEBUG] debug-file - Incremental task entry:default@CacheNativeLibs post-execution cost:1 ms .
[2026-05-12T17:08:54.145] [DEBUG] debug-file - Update task entry:default@GeneratePkgModuleJson input file:D:\ziliao\opensourcesoftware\test\test2\PlayShortVideosBasedOnVideoComponent-master\entry\build\default\intermediates\res\default\module.json cache from map.
[2026-05-12T17:08:54.146] [DEBUG] debug-file - Update task entry:default@GeneratePkgModuleJson output file:D:\ziliao\opensourcesoftware\test\test2\PlayShortVideosBasedOnVideoComponent-master\entry\build\default\intermediates\package\default\module.json cache.
[2026-05-12T17:08:54.146] [DEBUG] debug-file - Incremental task entry:default@GeneratePkgModuleJson post-execution cost:1 ms .
[2026-05-12T17:08:54.146] [DEBUG] debug-file - Incremental task entry:default@ProcessCompiledResources post-execution cost:1 ms .
[2026-05-12T17:08:54.147] [DEBUG] debug-file - Update task entry:default@PackageHap input file:D:\ziliao\opensourcesoftware\test\test2\PlayShortVideosBasedOnVideoComponent-master\entry\build\default\intermediates\stripped_native_libs\default cache from map.
[2026-05-12T17:08:54.147] [DEBUG] debug-file - Update task entry:default@PackageHap input file:D:\ziliao\opensourcesoftware\test\test2\PlayShortVideosBasedOnVideoComponent-master\entry\build\default\intermediates\res\default\module.json cache by regenerate.
[2026-05-12T17:08:54.147] [DEBUG] debug-file - Update task entry:default@PackageHap input file:D:\ziliao\opensourcesoftware\test\test2\PlayShortVideosBasedOnVideoComponent-master\entry\build\default\intermediates\res\default\resources cache by regenerate.
[2026-05-12T17:08:54.151] [DEBUG] debug-file - Update task entry:default@PackageHap input file:D:\ziliao\opensourcesoftware\test\test2\PlayShortVideosBasedOnVideoComponent-master\entry\build\default\intermediates\res\default\resources.index cache by regenerate.
[2026-05-12T17:08:54.151] [DEBUG] debug-file - Update task entry:default@PackageHap input file:D:\ziliao\opensourcesoftware\test\test2\PlayShortVideosBasedOnVideoComponent-master\entry\build\default\outputs\default\pack.info cache by regenerate.
[2026-05-12T17:08:54.152] [DEBUG] debug-file - Update task entry:default@PackageHap input file:D:\ziliao\opensourcesoftware\test\test2\PlayShortVideosBasedOnVideoComponent-master\entry\build\default\intermediates\loader_out\default\ets cache by regenerate.
[2026-05-12T17:08:54.152] [DEBUG] debug-file - Update task entry:default@PackageHap input file:D:\ziliao\opensourcesoftware\test\test2\PlayShortVideosBasedOnVideoComponent-master\entry\build\default\intermediates\loader\default\pkgContextInfo.json cache by regenerate.
[2026-05-12T17:08:54.152] [DEBUG] debug-file - Update task entry:default@PackageHap input file:D:\ziliao\opensourcesoftware\test\test2\PlayShortVideosBasedOnVideoComponent-master\entry\build\default\intermediates\loader_out\default\ets\sourceMaps.map cache by regenerate.
[2026-05-12T17:08:54.153] [DEBUG] debug-file - Update task entry:default@PackageHap input file:D:\ziliao\opensourcesoftware\test\test2\PlayShortVideosBasedOnVideoComponent-master\entry\build\default\generated\profile\default\BuildProfile.ets cache by regenerate.
[2026-05-12T17:08:54.153] [DEBUG] debug-file - Update task entry:default@PackageHap output file:D:\ziliao\opensourcesoftware\test\test2\PlayShortVideosBasedOnVideoComponent-master\entry\build\default\outputs\default\entry-default-unsigned.hap cache.
[2026-05-12T17:08:54.153] [DEBUG] debug-file - Update task entry:default@PackageHap output file:D:\ziliao\opensourcesoftware\test\test2\PlayShortVideosBasedOnVideoComponent-master\entry\build\default\intermediates\source_map\default\sourceMaps.map cache.
[2026-05-12T17:08:54.153] [DEBUG] debug-file - Update task entry:default@PackageHap output file:D:\ziliao\opensourcesoftware\test\test2\PlayShortVideosBasedOnVideoComponent-master\entry\build\default\outputs\default\mapping\sourceMaps.map cache.
[2026-05-12T17:08:54.154] [DEBUG] debug-file - Incremental task entry:default@PackageHap post-execution cost:8 ms .
[2026-05-12T17:08:54.154] [DEBUG] debug-file - Update task entry:default@SignHap input file:D:\ziliao\opensourcesoftware\test\test2\PlayShortVideosBasedOnVideoComponent-master\entry\build\default\outputs\default\entry-default-unsigned.hap cache from map.
[2026-05-12T17:08:54.154] [DEBUG] debug-file - Update task entry:default@SignHap output file:D:\ziliao\opensourcesoftware\test\test2\PlayShortVideosBasedOnVideoComponent-master\entry\build\default\outputs\default\entry-default-signed.hap cache.
[2026-05-12T17:08:54.154] [DEBUG] debug-file - Incremental task entry:default@SignHap post-execution cost:1 ms .
[2026-05-12T17:08:54.155] [DEBUG] debug-file - Update task entry:default@CollectDebugSymbol input file:D:\ziliao\opensourcesoftware\test\test2\PlayShortVideosBasedOnVideoComponent-master\entry\build\default\intermediates\loader_out\default\ets\sourceMaps.map cache by regenerate.
[2026-05-12T17:08:54.155] [DEBUG] debug-file - Update task entry:default@CollectDebugSymbol input file:D:\ziliao\opensourcesoftware\test\test2\PlayShortVideosBasedOnVideoComponent-master\entry\build\default\intermediates\libs\default cache by regenerate.
[2026-05-12T17:08:54.155] [DEBUG] debug-file - Update task entry:default@CollectDebugSymbol output file:D:\ziliao\opensourcesoftware\test\test2\PlayShortVideosBasedOnVideoComponent-master\entry\build\default\outputs\default\symbol cache.
[2026-05-12T17:08:54.156] [DEBUG] debug-file - Incremental task entry:default@CollectDebugSymbol post-execution cost:2 ms .
[2026-05-12T17:08:54.198] [DEBUG] debug-file - Cleanup worker 0.
[2026-05-12T17:08:54.198] [DEBUG] debug-file - Worker 0 has been cleaned up.
[2026-05-12T17:08:54.198] [DEBUG] debug-file - Current idle worker size: 3.
[2026-05-12T17:08:54.198] [DEBUG] debug-file - Current resident worker size: 4.
[2026-05-12T17:08:54.198] [DEBUG] debug-file - Cleanup worker 1.
[2026-05-12T17:08:54.198] [DEBUG] debug-file - Worker 1 has been cleaned up.
[2026-05-12T17:08:54.199] [DEBUG] debug-file - Current idle worker size: 2.
[2026-05-12T17:08:54.199] [DEBUG] debug-file - Current resident worker size: 4.
[2026-05-12T17:08:54.202] [DEBUG] debug-file - session manager: send message to worker process.
[2026-05-12T17:08:54.203] [DEBUG] debug-file - session manager: send message to worker process.
[2026-05-12T17:08:54.199] [DEBUG] debug-file - Cleanup worker 30.
[2026-05-12T17:08:54.199] [DEBUG] debug-file - Worker 30 has been cleaned up.
[2026-05-12T17:08:54.199] [DEBUG] debug-file - Current idle worker size: 1.
[2026-05-12T17:08:54.199] [DEBUG] debug-file - Current resident worker size: 4.
[2026-05-12T17:08:54.201] [DEBUG] debug-file - hvigor build process will be closed.
[2026-05-12T17:08:54.202] [DEBUG] debug-file - java daemon socket close code:1000 reason:close by user
[2026-05-12T17:08:54.204] [DEBUG] debug-file - worker[0] exits with exit code 1.
[2026-05-12T17:08:54.204] [DEBUG] debug-file - worker[1] exits with exit code 1.
[2026-05-12T17:08:54.205] [DEBUG] debug-file - watch worker: worker id should be larger than 0. Nothing will be sent to any worker thread.
[2026-05-12T17:08:54.205] [DEBUG] debug-file - watch worker: worker id should be larger than 0. Nothing will be sent to any worker thread.
[2026-05-12T17:08:54.213] [DEBUG] debug-file - worker[30] exits with exit code 1.
